source,target
2,49
2,50
2,240
2,250
2,282
2,374
2,385
2,444
2,538
2,656
2,662
2,663
2,687
2,718
2,734
2,1066
2,1100
2,1178
2,1314
2,1471
2,1653
2,1687
2,1704
2,1712
2,1765
2,1862
2,1937
2,1987
2,2124
2,2151
2,2204
2,2249
2,2254
2,2317
2,2358
5,488
5,1620
5,1712
9,374
13,265
13,423
13,440
13,665
13,943
13,1017
13,1055
13,1065
13,1257
13,1496
13,1509
13,1525
13,1551
13,1557
13,1560
13,1606
13,1624
13,1625
13,1750
13,1840
13,1899
13,1900
13,1940
13,2007
13,2079
13,2103
13,2118
13,2226
13,2413
13,2417
13,2418
13,2478
13,2512
13,2558
13,2561
13,2621
13,2672
14,240
14,374
14,687
14,1471
14,2124
16,50
16,282
16,374
16,385
16,444
16,538
16,663
16,687
16,718
16,1066
16,1100
16,1471
16,1653
16,1687
16,1712
16,1937
16,1987
16,2249
16,2317
16,2358
18,1465
18,1744
18,1840
27,50
27,250
27,282
27,374
27,385
27,444
27,656
27,662
27,663
27,687
27,718
27,1066
27,1471
27,1937
27,2254
27,2317
27,2358
36,50
36,240
36,250
36,282
36,374
36,385
36,444
36,656
36,663
36,687
36,718
36,755
36,1066
36,1100
36,1333
36,1471
36,1653
36,1687
36,1937
36,2254
36,2317
36,2358
40,49
40,50
40,224
40,240
40,282
40,326
40,374
40,385
40,402
40,421
40,444
40,538
40,545
40,663
40,681
40,687
40,718
40,723
40,734
40,1066
40,1100
40,1267
40,1390
40,1424
40,1465
40,1470
40,1471
40,1493
40,1574
40,1653
40,1687
40,1809
40,1919
40,1937
40,1939
40,1972
40,1987
40,2090
40,2101
40,2124
40,2156
40,2243
40,2249
40,2317
40,2358
42,50
42,240
42,250
42,374
42,385
42,656
42,662
42,663
42,687
42,1471
42,1704
42,2124
42,2254
42,2317
42,2358
47,49
47,50
47,61
47,121
47,240
47,250
47,282
47,326
47,352
47,374
47,385
47,444
47,493
47,500
47,538
47,656
47,662
47,663
47,687
47,718
47,734
47,834
47,1047
47,1066
47,1100
47,1178
47,1314
47,1390
47,1401
47,1403
47,1471
47,1574
47,1653
47,1687
47,1712
47,1737
47,1765
47,1862
47,1937
47,1939
47,1972
47,1987
47,2124
47,2151
47,2249
47,2254
47,2261
47,2316
47,2317
47,2358
47,2605
49,50
49,61
49,75
49,86
49,98
49,121
49,131
49,216
49,240
49,250
49,266
49,282
49,326
49,337
49,352
49,354
49,374
49,385
49,439
49,444
49,493
49,500
49,531
49,532
49,538
49,604
49,639
49,662
49,663
49,677
49,679
49,681
49,687
49,718
49,723
49,734
49,794
49,834
49,882
49,889
49,989
49,1046
49,1047
49,1059
49,1066
49,1100
49,1178
49,1314
49,1386
49,1390
49,1396
49,1397
49,1401
49,1409
49,1412
49,1424
49,1448
49,1451
49,1471
49,1493
49,1543
49,1574
49,1620
49,1653
49,1687
49,1697
49,1699
49,1712
49,1720
49,1737
49,1749
49,1765
49,1862
49,1894
49,1919
49,1937
49,1939
49,1972
49,1987
49,2027
49,2058
49,2090
49,2101
49,2108
49,2124
49,2151
49,2156
49,2159
49,2243
49,2249
49,2254
49,2261
49,2316
49,2317
49,2358
49,2605
49,2634
49,2705
50,61
50,75
50,79
50,85
50,86
50,98
50,100
50,101
50,103
50,121
50,122
50,123
50,131
50,132
50,205
50,216
50,219
50,224
50,225
50,228
50,240
50,243
50,250
50,266
50,278
50,282
50,312
50,316
50,326
50,334
50,337
50,338
50,352
50,354
50,364
50,374
50,375
50,385
50,386
50,402
50,421
50,427
50,439
50,444
50,456
50,484
50,486
50,488
50,490
50,493
50,500
50,501
50,504
50,521
50,522
50,526
50,531
50,532
50,538
50,545
50,553
50,557
50,568
50,582
50,590
50,604
50,607
50,610
50,616
50,630
50,639
50,656
50,662
50,663
50,677
50,679
50,681
50,687
50,718
50,723
50,729
50,734
50,755
50,760
50,761
50,776
50,794
50,808
50,830
50,831
50,834
50,859
50,881
50,882
50,889
50,906
50,908
50,923
50,946
50,949
50,952
50,966
50,975
50,976
50,988
50,989
50,1000
50,1006
50,1013
50,1018
50,1029
50,1046
50,1047
50,1059
50,1060
50,1066
50,1092
50,1100
50,1103
50,1109
50,1123
50,1145
50,1160
50,1162
50,1178
50,1179
50,1185
50,1197
50,1207
50,1233
50,1242
50,1246
50,1249
50,1267
50,1314
50,1320
50,1333
50,1347
50,1385
50,1386
50,1390
50,1391
50,1395
50,1396
50,1397
50,1401
50,1403
50,1409
50,1412
50,1415
50,1424
50,1439
50,1448
50,1451
50,1452
50,1456
50,1465
50,1469
50,1471
50,1474
50,1487
50,1488
50,1493
50,1503
50,1513
50,1517
50,1535
50,1543
50,1574
50,1597
50,1620
50,1653
50,1655
50,1677
50,1687
50,1697
50,1699
50,1704
50,1705
50,1712
50,1718
50,1720
50,1737
50,1749
50,1765
50,1806
50,1809
50,1843
50,1853
50,1854
50,1857
50,1861
50,1862
50,1883
50,1889
50,1894
50,1916
50,1919
50,1937
50,1939
50,1944
50,1952
50,1972
50,1981
50,1986
50,1987
50,1996
50,2001
50,2027
50,2028
50,2046
50,2054
50,2058
50,2090
50,2101
50,2108
50,2124
50,2151
50,2156
50,2159
50,2172
50,2188
50,2191
50,2196
50,2202
50,2204
50,2205
50,2217
50,2243
50,2245
50,2249
50,2254
50,2261
50,2291
50,2316
50,2317
50,2322
50,2340
50,2358
50,2365
50,2376
50,2420
50,2431
50,2442
50,2485
50,2535
50,2563
50,2605
50,2634
50,2642
50,2647
50,2648
50,2651
50,2705
60,139
60,218
60,240
60,294
60,374
60,402
60,422
60,423
60,440
60,450
60,481
60,534
60,544
60,545
60,656
60,681
60,687
60,782
60,865
60,922
60,928
60,950
60,1014
60,1017
60,1019
60,1074
60,1089
60,1204
60,1257
60,1267
60,1330
60,1367
60,1469
60,1470
60,1471
60,1495
60,1498
60,1522
60,1523
60,1531
60,1533
60,1551
60,1556
60,1603
60,1606
60,1624
60,1629
60,1637
60,1809
60,1840
60,1853
60,1899
60,1926
60,1957
60,1964
60,1967
60,1999
60,2007
60,2097
60,2118
60,2124
60,2198
60,2226
60,2254
60,2341
60,2342
60,2358
60,2391
60,2418
60,2512
60,2558
61,240
61,250
61,282
61,326
61,374
61,385
61,444
61,538
61,663
61,687
61,718
61,734
61,834
61,1047
61,1066
61,1100
61,1390
61,1409
61,1471
61,1574
61,1620
61,1653
61,1687
61,1712
61,1765
61,1862
61,1937
61,1939
61,1972
61,1987
61,2151
61,2249
61,2261
61,2317
61,2358
61,2605
66,374
67,374
73,374
73,656
73,2255
75,240
75,282
75,385
75,444
75,538
75,687
75,718
75,1100
75,1471
75,1653
75,1687
75,1712
75,1937
75,1987
79,444
79,718
79,1653
79,1712
79,1937
81,374
81,656
85,718
85,1937
86,240
86,282
86,374
86,385
86,444
86,538
86,687
86,718
86,1100
86,1471
86,1653
86,1687
86,1712
86,1937
86,1987
93,1624
93,1840
93,2226
98,282
98,374
98,385
98,444
98,538
98,663
98,687
98,718
98,734
98,1066
98,1100
98,1471
98,1653
98,1687
98,1712
98,1937
98,1987
98,2151
98,2249
98,2317
100,444
100,718
100,1653
100,1712
100,1937
101,240
101,374
101,385
101,687
101,1471
101,2358
103,374
103,385
103,656
103,663
103,687
103,2254
103,2317
103,2358
113,240
113,545
113,2124
116,374
116,422
116,423
116,656
116,665
116,850
116,1014
116,1017
116,1055
116,1257
116,1509
116,1624
116,1710
116,1750
116,1840
116,2097
116,2118
116,2226
116,2413
116,2561
118,240
118,1624
118,1840
118,2007
118,2226
121,240
121,250
121,282
121,326
121,374
121,385
121,444
121,493
121,500
121,538
121,663
121,687
121,718
121,734
121,834
121,1047
121,1066
121,1100
121,1390
121,1471
121,1574
121,1653
121,1687
121,1712
121,1765
121,1862
121,1937
121,1972
121,1987
121,2151
121,2249
121,2254
121,2261
121,2317
121,2358
122,240
122,250
122,282
122,326
122,374
122,385
122,444
122,538
122,545
122,656
122,662
122,663
122,681
122,687
122,718
122,834
122,1066
122,1100
122,1267
122,1471
122,1653
122,1687
122,1704
122,1765
122,1809
122,1853
122,1937
122,1987
122,2124
122,2151
122,2254
122,2317
122,2342
122,2358
123,240
123,374
123,385
123,545
123,656
123,687
123,1471
123,1809
123,2097
123,2124
123,2254
123,2358
124,718
124,1712
124,1937
127,240
127,374
127,656
127,2358
131,240
131,282
131,326
131,374
131,385
131,444
131,538
131,687
131,718
131,734
131,1066
131,1100
131,1471
131,1653
131,1687
131,1712
131,1937
131,1987
131,2249
132,240
132,444
132,545
132,687
132,718
132,1100
132,1471
132,1687
132,1937
132,1987
132,2124
135,1840
139,240
139,374
139,422
139,423
139,544
139,545
139,681
139,687
139,1014
139,1017
139,1257
139,1267
139,1367
139,1471
139,1522
139,1523
139,1551
139,1624
139,1809
139,1840
139,1899
139,2007
139,2097
139,2118
139,2124
139,2226
139,2342
140,374
140,385
140,656
140,755
140,1333
140,2254
140,2358
153,1712
155,157
155,444
155,488
155,521
155,718
155,889
155,976
155,1620
155,1653
155,1712
155,1937
155,2108
155,2291
155,2648
157,488
157,521
157,1620
157,1712
162,240
162,687
162,1471
168,240
168,374
168,423
168,545
168,656
168,687
168,755
168,1257
168,1471
168,1704
168,1809
168,1840
168,2097
168,2124
168,2254
168,2358
188,265
188,1017
188,1257
188,1522
188,1523
188,1551
188,1606
188,1624
188,1840
188,1999
188,2007
188,2226
205,444
205,718
205,1653
205,1712
205,1937
206,240
206,545
206,1809
206,1840
206,2124
215,1744
216,240
216,250
216,282
216,374
216,385
216,444
216,538
216,656
216,662
216,663
216,687
216,718
216,834
216,1066
216,1100
216,1314
216,1471
216,1653
216,1687
216,1704
216,1712
216,1765
216,1862
216,1937
216,1987
216,2151
216,2204
216,2249
216,2254
216,2317
216,2358
218,228
218,240
218,374
218,422
218,423
218,534
218,545
218,656
218,662
218,755
218,1014
218,1257
218,1367
218,1522
218,1704
218,1809
218,1840
218,1853
218,1926
218,1964
218,2097
218,2118
218,2124
218,2198
218,2204
218,2254
218,2255
218,2342
218,2358
219,282
219,374
219,385
219,444
219,663
219,687
219,718
219,1066
219,1653
219,1712
219,1937
219,1987
219,2317
219,2358
220,250
220,374
220,385
220,656
220,662
220,663
220,1964
220,2097
220,2204
220,2254
220,2255
220,2317
220,2358
224,240
224,402
224,545
224,681
224,687
224,1100
224,1267
224,1465
224,1471
224,1687
224,1809
224,1840
224,1987
224,2124
225,282
225,374
225,385
225,444
225,687
225,718
225,1653
225,1712
225,1937
225,1987
228,240
228,250
228,282
228,374
228,375
228,385
228,422
228,423
228,444
228,493
228,532
228,534
228,538
228,545
228,656
228,662
228,663
228,687
228,718
228,755
228,834
228,947
228,966
228,1006
228,1066
228,1178
228,1197
228,1199
228,1314
228,1333
228,1396
228,1397
228,1403
228,1471
228,1704
228,1705
228,1738
228,1765
228,1809
228,1853
228,1854
228,1862
228,1926
228,1937
228,1964
228,2046
228,2097
228,2124
228,2151
228,2198
228,2204
228,2217
228,2254
228,2255
228,2317
228,2358
238,240
238,545
238,687
238,1471
238,1809
238,2124
240,250
240,265
240,275
240,282
240,294
240,303
240,316
240,326
240,335
240,374
240,375
240,385
240,402
240,404
240,405
240,420
240,421
240,422
240,423
240,439
240,440
240,444
240,450
240,470
240,481
240,485
240,493
240,500
240,531
240,532
240,534
240,538
240,543
240,544
240,545
240,638
240,656
240,662
240,663
240,681
240,687
240,718
240,722
240,723
240,734
240,755
240,756
240,761
240,776
240,782
240,834
240,850
240,865
240,882
240,908
240,918
240,922
240,923
240,928
240,947
240,950
240,951
240,952
240,958
240,966
240,988
240,989
240,1006
240,1010
240,1014
240,1017
240,1019
240,1046
240,1066
240,1074
240,1077
240,1089
240,1100
240,1149
240,1150
240,1160
240,1165
240,1178
240,1204
240,1233
240,1235
240,1257
240,1267
240,1312
240,1314
240,1318
240,1330
240,1333
240,1339
240,1347
240,1358
240,1367
240,1368
240,1386
240,1390
240,1396
240,1397
240,1401
240,1403
240,1415
240,1424
240,1434
240,1454
240,1465
240,1469
240,1470
240,1471
240,1486
240,1487
240,1488
240,1491
240,1493
240,1494
240,1495
240,1498
240,1513
240,1514
240,1521
240,1522
240,1523
240,1528
240,1530
240,1531
240,1533
240,1551
240,1556
240,1574
240,1603
240,1605
240,1606
240,1624
240,1629
240,1637
240,1653
240,1677
240,1687
240,1697
240,1704
240,1705
240,1716
240,1720
240,1737
240,1752
240,1756
240,1765
240,1790
240,1806
240,1808
240,1809
240,1840
240,1853
240,1854
240,1856
240,1857
240,1861
240,1862
240,1883
240,1889
240,1899
240,1916
240,1919
240,1926
240,1937
240,1939
240,1944
240,1957
240,1964
240,1967
240,1972
240,1981
240,1987
240,1999
240,2006
240,2007
240,2009
240,2021
240,2046
240,2090
240,2092
240,2097
240,2101
240,2118
240,2124
240,2139
240,2151
240,2156
240,2162
240,2195
240,2196
240,2198
240,2203
240,2204
240,2226
240,2243
240,2249
240,2254
240,2255
240,2316
240,2317
240,2341
240,2342
240,2345
240,2346
240,2356
240,2358
240,2379
240,2391
240,2418
240,2420
240,2512
240,2558
240,2696
243,444
243,718
243,1653
243,1712
243,1937
249,374
250,266
250,282
250,326
250,337
250,364
250,374
250,375
250,381
250,385
250,422
250,423
250,444
250,456
250,493
250,500
250,522
250,531
250,532
250,534
250,538
250,545
250,553
250,582
250,616
250,639
250,656
250,662
250,663
250,681
250,687
250,718
250,734
250,755
250,776
250,834
250,881
250,882
250,907
250,947
250,966
250,975
250,1006
250,1046
250,1047
250,1060
250,1066
250,1100
250,1109
250,1160
250,1178
250,1197
250,1199
250,1267
250,1314
250,1318
250,1333
250,1347
250,1386
250,1390
250,1396
250,1397
250,1401
250,1403
250,1412
250,1426
250,1471
250,1487
250,1488
250,1533
250,1543
250,1556
250,1574
250,1653
250,1677
250,1687
250,1697
250,1699
250,1704
250,1705
250,1712
250,1737
250,1738
250,1765
250,1809
250,1853
250,1854
250,1861
250,1862
250,1883
250,1919
250,1926
250,1937
250,1938
250,1939
250,1957
250,1964
250,1972
250,1981
250,1987
250,2001
250,2046
250,2097
250,2124
250,2150
250,2151
250,2198
250,2204
250,2205
250,2217
250,2249
250,2254
250,2255
250,2261
250,2287
250,2316
250,2317
250,2342
250,2346
250,2358
250,2605
252,374
254,1840
254,2226
265,423
265,440
265,665
265,922
265,1014
265,1017
265,1055
265,1065
265,1257
265,1496
265,1522
265,1523
265,1551
265,1557
265,1560
265,1606
265,1624
265,1809
265,1840
265,1940
265,1999
265,2007
265,2118
265,2162
265,2226
265,2418
265,2478
265,2512
265,2558
265,2561
266,282
266,374
266,385
266,444
266,538
266,663
266,687
266,718
266,734
266,1066
266,1100
266,1471
266,1574
266,1653
266,1687
266,1712
266,1937
266,1972
266,1987
266,2249
266,2261
266,2317
266,2358
274,374
274,656
274,2097
274,2255
275,1471
275,1840
278,282
278,374
278,385
278,444
278,663
278,718
278,1066
278,1653
278,1712
278,1937
278,2249
278,2317
278,2358
282,326
282,337
282,352
282,354
282,364
282,374
282,375
282,385
282,439
282,444
282,488
282,493
282,500
282,531
282,532
282,538
282,545
282,557
282,590
282,604
282,616
282,630
282,639
282,656
282,662
282,663
282,677
282,679
282,681
282,687
282,718
282,723
282,734
282,755
282,761
282,776
282,794
282,830
282,834
282,859
282,882
282,889
282,908
282,946
282,949
282,966
282,975
282,976
282,989
282,1006
282,1018
282,1029
282,1046
282,1047
282,1059
282,1060
282,1066
282,1100
282,1109
282,1160
282,1178
282,1185
282,1197
282,1267
282,1314
282,1333
282,1347
282,1386
282,1390
282,1396
282,1397
282,1401
282,1403
282,1409
282,1412
282,1424
282,1448
282,1451
282,1452
282,1471
282,1487
282,1488
282,1493
282,1543
282,1574
282,1620
282,1653
282,1677
282,1687
282,1697
282,1699
282,1704
282,1705
282,1712
282,1720
282,1737
282,1749
282,1765
282,1853
282,1854
282,1862
282,1883
282,1894
282,1919
282,1937
282,1939
282,1944
282,1972
282,1981
282,1986
282,1987
282,1996
282,2001
282,2027
282,2028
282,2058
282,2090
282,2101
282,2108
282,2124
282,2151
282,2156
282,2159
282,2202
282,2204
282,2205
282,2217
282,2243
282,2249
282,2254
282,2261
282,2291
282,2316
282,2317
282,2322
282,2358
282,2376
282,2431
282,2485
282,2605
282,2634
282,2705
283,374
294,374
294,423
294,545
294,687
294,1257
294,1267
294,1471
294,1809
294,1840
294,2118
294,2124
294,2342
300,374
300,656
303,374
303,423
303,656
303,1014
303,1257
303,2097
303,2255
305,1840
312,1937
315,1840
316,545
316,681
316,687
316,1100
316,1267
316,1465
316,1471
316,1687
316,1809
316,1840
316,1987
316,2124
317,718
317,1712
317,1937
318,374
318,656
318,662
318,1964
318,2097
318,2254
318,2255
318,2358
326,374
326,385
326,402
326,444
326,493
326,500
326,538
326,545
326,662
326,663
326,681
326,687
326,718
326,723
326,734
326,834
326,882
326,908
326,946
326,1047
326,1066
326,1100
326,1178
326,1267
326,1314
326,1347
326,1386
326,1390
326,1401
326,1403
326,1424
326,1465
326,1469
326,1470
326,1471
326,1493
326,1543
326,1574
326,1653
326,1687
326,1699
326,1704
326,1712
326,1737
326,1765
326,1809
326,1862
326,1919
326,1937
326,1939
326,1972
326,1981
326,1987
326,2090
326,2101
326,2124
326,2151
326,2204
326,2243
326,2249
326,2254
326,2261
326,2316
326,2317
326,2342
326,2358
330,2226
334,374
334,444
334,718
334,1653
334,1937
335,1014
335,1522
335,1523
335,1840
335,2007
337,374
337,385
337,444
337,531
337,538
337,639
337,663
337,687
337,718
337,734
337,834
337,1047
337,1066
337,1100
337,1314
337,1396
337,1397
337,1412
337,1471
337,1574
337,1620
337,1653
337,1687
337,1712
337,1737
337,1765
337,1862
337,1937
337,1939
337,1972
337,1987
337,2151
337,2249
337,2261
337,2317
337,2358
337,2605
338,444
338,718
338,1620
338,1653
338,1712
338,1937
343,1840
343,2226
345,1624
345,1840
345,2226
352,354
352,374
352,385
352,444
352,488
352,538
352,663
352,687
352,718
352,734
352,1047
352,1066
352,1100
352,1471
352,1574
352,1620
352,1653
352,1687
352,1712
352,1862
352,1937
352,1939
352,1972
352,1987
352,2151
352,2249
352,2261
352,2317
352,2605
353,374
354,374
354,385
354,444
354,538
354,663
354,687
354,718
354,734
354,1047
354,1066
354,1100
354,1471
354,1574
354,1620
354,1653
354,1687
354,1712
354,1937
354,1939
354,1972
354,1987
354,2151
354,2249
354,2261
354,2317
364,374
364,385
364,444
364,538
364,656
364,662
364,663
364,687
364,718
364,1066
364,1653
364,1937
364,1987
364,2249
364,2254
364,2317
364,2358
373,374
373,656
374,375
374,381
374,385
374,397
374,398
374,402
374,404
374,405
374,422
374,423
374,439
374,442
374,444
374,447
374,450
374,456
374,460
374,481
374,486
374,493
374,498
374,500
374,522
374,531
374,532
374,534
374,538
374,544
374,545
374,553
374,570
374,582
374,584
374,607
374,609
374,610
374,616
374,618
374,625
374,638
374,639
374,656
374,661
374,662
374,663
374,677
374,680
374,681
374,687
374,712
374,718
374,729
374,734
374,752
374,753
374,755
374,756
374,757
374,761
374,774
374,775
374,776
374,782
374,788
374,799
374,819
374,834
374,850
374,859
374,865
374,881
374,882
374,886
374,906
374,907
374,908
374,922
374,928
374,941
374,944
374,946
374,947
374,949
374,950
374,952
374,958
374,966
374,975
374,983
374,988
374,989
374,997
374,1000
374,1006
374,1012
374,1013
374,1014
374,1029
374,1036
374,1042
374,1046
374,1047
374,1059
374,1060
374,1066
374,1070
374,1074
374,1077
374,1087
374,1089
374,1092
374,1100
374,1109
374,1123
374,1130
374,1148
374,1150
374,1152
374,1158
374,1160
374,1165
374,1176
374,1178
374,1197
374,1199
374,1203
374,1204
374,1207
374,1225
374,1233
374,1234
374,1235
374,1246
374,1253
374,1257
374,1267
374,1268
374,1291
374,1292
374,1295
374,1305
374,1310
374,1313
374,1314
374,1318
374,1327
374,1330
374,1333
374,1347
374,1356
374,1358
374,1359
374,1367
374,1385
374,1386
374,1390
374,1395
374,1396
374,1397
374,1401
374,1403
374,1412
374,1413
374,1415
374,1426
374,1436
374,1451
374,1452
374,1454
374,1456
374,1469
374,1470
374,1471
374,1474
374,1482
374,1487
374,1488
374,1491
374,1493
374,1494
374,1500
374,1522
374,1523
374,1530
374,1531
374,1533
374,1543
374,1544
374,1548
374,1556
374,1574
374,1578
374,1579
374,1586
374,1597
374,1603
374,1629
374,1637
374,1653
374,1655
374,1677
374,1687
374,1697
374,1699
374,1704
374,1705
374,1712
374,1720
374,1737
374,1738
374,1739
374,1759
374,1765
374,1790
374,1809
374,1814
374,1817
374,1820
374,1853
374,1854
374,1857
374,1861
374,1862
374,1873
374,1883
374,1907
374,1911
374,1919
374,1926
374,1929
374,1937
374,1938
374,1939
374,1942
374,1944
374,1952
374,1957
374,1964
374,1967
374,1972
374,1975
374,1981
374,1987
374,2001
374,2006
374,2013
374,2029
374,2046
374,2051
374,2056
374,2058
374,2063
374,2090
374,2094
374,2096
374,2097
374,2098
374,2101
374,2118
374,2124
374,2139
374,2150
374,2151
374,2156
374,2176
374,2183
374,2188
374,2195
374,2196
374,2198
374,2202
374,2204
374,2205
374,2211
374,2217
374,2243
374,2249
374,2254
374,2255
374,2261
374,2269
374,2287
374,2299
374,2306
374,2316
374,2317
374,2330
374,2341
374,2342
374,2345
374,2346
374,2356
374,2358
374,2365
374,2379
374,2381
374,2419
374,2420
374,2428
374,2431
374,2471
374,2485
374,2494
374,2505
374,2541
374,2605
374,2634
374,2642
374,2705
375,385
375,444
375,493
375,534
375,538
375,656
375,662
375,663
375,687
375,718
375,755
375,834
375,947
375,966
375,1006
375,1066
375,1197
375,1199
375,1314
375,1396
375,1397
375,1403
375,1471
375,1653
375,1704
375,1738
375,1765
375,1853
375,1854
375,1926
375,1937
375,1964
375,2046
375,2097
375,2124
375,2151
375,2198
375,2204
375,2217
375,2254
375,2255
375,2317
375,2358
381,656
381,662
381,663
381,1396
381,1397
381,1704
381,1705
381,1964
381,2097
381,2204
381,2254
381,2255
381,2317
381,2358
384,1624
384,2226
385,402
385,439
385,444
385,456
385,486
385,493
385,500
385,522
385,531
385,532
385,534
385,538
385,545
385,557
385,604
385,607
385,616
385,639
385,656
385,662
385,663
385,677
385,679
385,681
385,687
385,718
385,723
385,729
385,734
385,755
385,776
385,794
385,834
385,859
385,881
385,882
385,908
385,946
385,947
385,949
385,952
385,966
385,975
385,989
385,1006
385,1013
385,1029
385,1046
385,1047
385,1059
385,1060
385,1066
385,1100
385,1109
385,1123
385,1160
385,1176
385,1178
385,1185
385,1197
385,1242
385,1267
385,1314
385,1318
385,1333
385,1347
385,1385
385,1386
385,1390
385,1396
385,1397
385,1401
385,1403
385,1409
385,1412
385,1415
385,1424
385,1448
385,1451
385,1452
385,1469
385,1470
385,1471
385,1487
385,1488
385,1493
385,1517
385,1543
385,1556
385,1574
385,1597
385,1620
385,1653
385,1655
385,1677
385,1687
385,1697
385,1699
385,1704
385,1705
385,1712
385,1720
385,1737
385,1749
385,1765
385,1809
385,1853
385,1854
385,1857
385,1861
385,1862
385,1883
385,1894
385,1919
385,1926
385,1937
385,1939
385,1944
385,1957
385,1964
385,1972
385,1981
385,1987
385,2001
385,2027
385,2028
385,2046
385,2058
385,2090
385,2097
385,2101
385,2124
385,2151
385,2156
385,2159
385,2196
385,2198
385,2202
385,2204
385,2205
385,2217
385,2243
385,2249
385,2254
385,2261
385,2287
385,2316
385,2317
385,2342
385,2346
385,2358
385,2365
385,2420
385,2431
385,2485
385,2605
385,2634
385,2642
385,2705
386,444
386,718
386,1653
386,1712
386,1937
396,1840
398,656
398,2358
402,421
402,422
402,423
402,444
402,450
402,538
402,544
402,545
402,681
402,687
402,718
402,723
402,951
402,1019
402,1089
402,1100
402,1149
402,1257
402,1267
402,1367
402,1424
402,1465
402,1469
402,1470
402,1471
402,1523
402,1551
402,1687
402,1809
402,1840
402,1899
402,1937
402,1987
402,2118
402,2124
402,2243
402,2341
402,2342
402,2358
402,2420
404,545
404,687
404,1471
404,2124
405,423
405,545
405,656
405,1014
405,1257
405,1522
405,1523
405,1809
405,2097
405,2124
414,665
414,1017
414,1624
414,1840
414,2007
414,2226
421,450
421,545
421,681
421,687
421,1100
421,1267
421,1465
421,1471
421,1687
421,1809
421,1840
421,1987
421,2124
421,2342
422,423
422,450
422,481
422,534
422,544
422,545
422,656
422,662
422,681
422,687
422,782
422,850
422,865
422,880
422,922
422,928
422,950
422,958
422,1014
422,1017
422,1074
422,1089
422,1204
422,1219
422,1257
422,1267
422,1318
422,1330
422,1367
422,1469
422,1470
422,1471
422,1498
422,1522
422,1523
422,1531
422,1533
422,1551
422,1556
422,1603
422,1606
422,1624
422,1629
422,1637
422,1704
422,1705
422,1716
422,1809
422,1840
422,1853
422,1899
422,1926
422,1957
422,1964
422,1967
422,2006
422,2007
422,2097
422,2118
422,2124
422,2139
422,2198
422,2226
422,2254
422,2255
422,2341
422,2342
422,2346
422,2358
422,2391
422,2512
423,450
423,481
423,534
423,544
423,545
423,656
423,662
423,663
423,665
423,681
423,687
423,755
423,782
423,850
423,865
423,880
423,922
423,928
423,950
423,958
423,1014
423,1017
423,1019
423,1074
423,1089
423,1150
423,1165
423,1199
423,1204
423,1219
423,1234
423,1257
423,1267
423,1268
423,1318
423,1330
423,1333
423,1367
423,1469
423,1470
423,1471
423,1491
423,1498
423,1522
423,1523
423,1530
423,1531
423,1533
423,1551
423,1556
423,1603
423,1606
423,1624
423,1629
423,1637
423,1704
423,1705
423,1716
423,1809
423,1840
423,1853
423,1854
423,1899
423,1900
423,1911
423,1926
423,1957
423,1964
423,1967
423,1999
423,2006
423,2007
423,2046
423,2097
423,2118
423,2124
423,2139
423,2198
423,2204
423,2226
423,2254
423,2255
423,2317
423,2341
423,2342
423,2346
423,2356
423,2358
423,2391
423,2418
423,2420
423,2512
423,2558
427,444
427,718
427,1937
436,1840
439,444
439,538
439,663
439,687
439,718
439,734
439,834
439,1066
439,1100
439,1390
439,1471
439,1620
439,1653
439,1687
439,1712
439,1765
439,1937
439,1939
439,1987
439,2151
439,2249
439,2317
440,450
440,545
440,665
440,943
440,1017
440,1055
440,1065
440,1257
440,1465
440,1509
440,1525
440,1551
440,1557
440,1560
440,1606
440,1624
440,1744
440,1750
440,1809
440,1840
440,1899
440,1900
440,1940
440,1999
440,2007
440,2118
440,2124
440,2226
440,2413
440,2418
440,2478
440,2512
440,2561
440,2621
442,656
444,484
444,486
444,488
444,490
444,493
444,500
444,501
444,521
444,526
444,531
444,532
444,538
444,545
444,550
444,557
444,568
444,590
444,604
444,607
444,616
444,630
444,639
444,656
444,662
444,663
444,677
444,679
444,681
444,687
444,718
444,723
444,729
444,734
444,761
444,776
444,794
444,808
444,830
444,834
444,859
444,882
444,889
444,908
444,946
444,949
444,966
444,975
444,976
444,989
444,1000
444,1006
444,1013
444,1018
444,1029
444,1046
444,1047
444,1059
444,1060
444,1066
444,1092
444,1100
444,1103
444,1109
444,1160
444,1178
444,1185
444,1207
444,1242
444,1245
444,1246
444,1249
444,1314
444,1333
444,1347
444,1386
444,1390
444,1396
444,1397
444,1401
444,1403
444,1409
444,1412
444,1415
444,1424
444,1439
444,1448
444,1451
444,1452
444,1465
444,1471
444,1474
444,1487
444,1488
444,1493
444,1517
444,1543
444,1574
444,1620
444,1653
444,1655
444,1677
444,1687
444,1697
444,1699
444,1704
444,1705
444,1712
444,1718
444,1720
444,1737
444,1749
444,1765
444,1843
444,1854
444,1862
444,1883
444,1889
444,1894
444,1919
444,1937
444,1939
444,1944
444,1972
444,1981
444,1986
444,1987
444,1996
444,2001
444,2027
444,2028
444,2058
444,2090
444,2101
444,2108
444,2124
444,2151
444,2156
444,2159
444,2172
444,2188
444,2191
444,2196
444,2202
444,2204
444,2205
444,2217
444,2243
444,2249
444,2254
444,2261
444,2291
444,2316
444,2317
444,2322
444,2340
444,2358
444,2365
444,2376
444,2420
444,2431
444,2485
444,2535
444,2605
444,2634
444,2642
444,2647
444,2648
444,2651
444,2705
450,544
450,545
450,681
450,687
450,1019
450,1149
450,1257
450,1267
450,1367
450,1465
450,1469
450,1470
450,1471
450,1495
450,1522
450,1523
450,1551
450,1603
450,1809
450,1840
450,1899
450,1967
450,1999
450,2007
450,2118
450,2124
450,2226
450,2243
450,2341
450,2342
456,656
456,662
456,663
456,687
456,755
456,1066
456,1471
456,1704
456,1937
456,2204
456,2254
456,2317
456,2358
470,2124
481,545
481,1257
481,1267
481,1809
481,1840
481,2124
481,2342
484,718
484,1653
484,1712
484,1937
486,687
486,718
486,1471
486,1653
486,1937
488,521
488,718
488,734
488,889
488,976
488,1018
488,1047
488,1249
488,1409
488,1620
488,1653
488,1712
488,1937
488,1939
488,1986
488,1996
488,2108
488,2261
488,2291
488,2322
488,2376
488,2605
488,2647
488,2648
490,718
490,1653
490,1937
493,500
493,538
493,656
493,662
493,663
493,687
493,718
493,734
493,834
493,966
493,1006
493,1066
493,1100
493,1109
493,1178
493,1314
493,1386
493,1390
493,1396
493,1397
493,1401
493,1403
493,1471
493,1543
493,1574
493,1653
493,1687
493,1704
493,1712
493,1737
493,1765
493,1853
493,1854
493,1862
493,1937
493,1939
493,1972
493,1987
493,2124
493,2151
493,2204
493,2249
493,2254
493,2316
493,2317
493,2358
498,656
498,1964
498,2097
498,2255
500,538
500,656
500,662
500,663
500,687
500,718
500,734
500,834
500,1047
500,1066
500,1100
500,1178
500,1314
500,1390
500,1401
500,1403
500,1471
500,1574
500,1653
500,1687
500,1712
500,1737
500,1765
500,1862
500,1937
500,1939
500,1972
500,1987
500,2124
500,2151
500,2249
500,2254
500,2261
500,2316
500,2317
500,2358
500,2605
501,718
501,1653
501,1712
501,1937
504,718
504,1937
521,718
521,889
521,976
521,1620
521,1653
521,1712
521,1937
521,2108
521,2648
522,656
522,662
522,663
522,1396
522,1397
522,2204
522,2254
522,2317
522,2358
526,718
526,1653
526,1712
526,1937
531,532
531,538
531,639
531,656
531,662
531,663
531,687
531,718
531,734
531,834
531,1066
531,1100
531,1314
531,1396
531,1397
531,1471
531,1653
531,1687
531,1697
531,1704
531,1705
531,1712
531,1765
531,1862
531,1937
531,1939
531,1987
531,2151
531,2204
531,2249
531,2254
531,2317
531,2358
532,538
532,656
532,662
532,663
532,687
532,718
532,755
532,834
532,1066
532,1100
532,1314
532,1333
532,1396
532,1397
532,1471
532,1653
532,1687
532,1697
532,1704
532,1705
532,1712
532,1765
532,1853
532,1862
532,1937
532,1939
532,1987
532,2097
532,2151
532,2204
532,2249
532,2254
532,2317
532,2358
534,545
534,656
534,662
534,663
534,687
534,755
534,782
534,850
534,928
534,947
534,950
534,958
534,966
534,1014
534,1150
534,1199
534,1234
534,1257
534,1267
534,1314
534,1330
534,1333
534,1367
534,1403
534,1471
534,1522
534,1523
534,1533
534,1556
534,1603
534,1637
534,1704
534,1705
534,1738
534,1809
534,1840
534,1853
534,1854
534,1926
534,1957
534,1964
534,1967
534,2007
534,2046
534,2097
534,2118
534,2124
534,2198
534,2204
534,2254
534,2255
534,2317
534,2342
534,2346
534,2358
538,545
538,604
538,639
538,656
538,662
538,663
538,677
538,681
538,687
538,718
538,723
538,734
538,755
538,761
538,776
538,834
538,882
538,908
538,946
538,966
538,975
538,989
538,1006
538,1046
538,1047
538,1059
538,1060
538,1066
538,1100
538,1109
538,1160
538,1178
538,1267
538,1314
538,1333
538,1347
538,1386
538,1390
538,1396
538,1397
538,1401
538,1403
538,1409
538,1412
538,1424
538,1451
538,1452
538,1465
538,1469
538,1471
538,1487
538,1488
538,1493
538,1543
538,1574
538,1620
538,1653
538,1677
538,1687
538,1697
538,1699
538,1704
538,1705
538,1712
538,1720
538,1737
538,1749
538,1765
538,1809
538,1853
538,1854
538,1857
538,1862
538,1883
538,1919
538,1937
538,1939
538,1972
538,1981
538,1987
538,2001
538,2058
538,2090
538,2101
538,2124
538,2151
538,2156
538,2204
538,2205
538,2217
538,2243
538,2249
538,2254
538,2261
538,2316
538,2317
538,2358
538,2420
538,2485
538,2605
538,2634
538,2705
541,1712
542,2226
543,545
543,687
543,1267
543,1471
543,1809
543,1840
543,2124
544,545
544,681
544,687
544,1014
544,1017
544,1204
544,1257
544,1267
544,1367
544,1469
544,1470
544,1471
544,1522
544,1523
544,1551
544,1603
544,1809
544,1840
544,1899
544,1967
544,2007
544,2097
544,2118
544,2124
544,2226
544,2342
545,656
545,662
545,663
545,681
545,687
545,718
545,723
545,755
545,782
545,850
545,918
545,922
545,928
545,951
545,952
545,958
545,988
545,1010
545,1014
545,1017
545,1019
545,1066
545,1074
545,1089
545,1100
545,1149
545,1150
545,1178
545,1204
545,1257
545,1267
545,1318
545,1333
545,1367
545,1368
545,1390
545,1415
545,1424
545,1465
545,1469
545,1470
545,1471
545,1486
545,1495
545,1498
545,1522
545,1523
545,1528
545,1530
545,1531
545,1533
545,1551
545,1556
545,1603
545,1605
545,1606
545,1629
545,1637
545,1653
545,1687
545,1704
545,1705
545,1752
545,1809
545,1840
545,1853
545,1854
545,1856
545,1857
545,1861
545,1862
545,1899
545,1919
545,1926
545,1937
545,1957
545,1964
545,1967
545,1981
545,1987
545,1999
545,2007
545,2009
545,2092
545,2097
545,2118
545,2124
545,2139
545,2151
545,2156
545,2162
545,2198
545,2203
545,2204
545,2226
545,2243
545,2249
545,2254
545,2317
545,2341
545,2342
545,2346
545,2356
545,2358
545,2391
545,2418
545,2420
545,2512
545,2558
545,2696
550,718
550,1620
550,1653
550,1712
550,1937
553,656
553,2358
557,718
557,734
557,1620
557,1653
557,1712
557,1937
557,1987
568,718
568,1653
568,1712
568,1937
582,656
582,663
582,718
582,1937
582,2317
582,2358
584,656
584,2358
590,718
590,734
590,1620
590,1653
590,1712
590,1937
590,1987
598,1620
598,1712
604,687
604,718
604,734
604,1066
604,1100
604,1471
604,1620
604,1653
604,1687
604,1712
604,1937
604,1987
604,2249
604,2261
607,687
607,718
607,1471
607,1653
607,1937
609,656
609,2358
616,663
616,718
616,1066
616,1653
616,1712
616,1937
616,2254
616,2317
616,2358
630,718
630,1620
630,1653
630,1712
630,1937
630,1987
638,656
638,687
639,663
639,687
639,718
639,734
639,834
639,1047
639,1066
639,1100
639,1314
639,1396
639,1397
639,1412
639,1471
639,1574
639,1620
639,1653
639,1687
639,1712
639,1765
639,1862
639,1937
639,1939
639,1987
639,2151
639,2249
639,2261
639,2317
639,2358
639,2605
656,662
656,663
656,681
656,687
656,718
656,752
656,753
656,755
656,774
656,782
656,799
656,819
656,834
656,850
656,865
656,881
656,882
656,886
656,907
656,928
656,947
656,950
656,958
656,966
656,983
656,988
656,997
656,1006
656,1014
656,1036
656,1046
656,1060
656,1066
656,1077
656,1100
656,1109
656,1148
656,1150
656,1165
656,1176
656,1178
656,1197
656,1199
656,1203
656,1204
656,1225
656,1234
656,1257
656,1267
656,1268
656,1291
656,1313
656,1314
656,1318
656,1327
656,1330
656,1333
656,1356
656,1358
656,1367
656,1386
656,1396
656,1397
656,1401
656,1403
656,1412
656,1413
656,1426
656,1436
656,1454
656,1471
656,1487
656,1488
656,1491
656,1494
656,1522
656,1523
656,1531
656,1533
656,1548
656,1556
656,1574
656,1586
656,1603
656,1629
656,1637
656,1653
656,1677
656,1687
656,1697
656,1704
656,1705
656,1737
656,1738
656,1759
656,1765
656,1809
656,1814
656,1817
656,1853
656,1854
656,1861
656,1862
656,1873
656,1883
656,1907
656,1926
656,1929
656,1937
656,1938
656,1942
656,1957
656,1964
656,1967
656,1981
656,1987
656,2006
656,2046
656,2051
656,2094
656,2096
656,2097
656,2118
656,2124
656,2150
656,2151
656,2198
656,2204
656,2205
656,2211
656,2217
656,2249
656,2254
656,2255
656,2269
656,2287
656,2316
656,2317
656,2330
656,2342
656,2346
656,2356
656,2358
656,2379
656,2419
656,2428
656,2505
656,2541
656,2705
662,663
662,681
662,687
662,718
662,753
662,755
662,782
662,834
662,881
662,882
662,907
662,947
662,966
662,1006
662,1014
662,1046
662,1060
662,1066
662,1100
662,1109
662,1150
662,1178
662,1197
662,1199
662,1234
662,1291
662,1314
662,1318
662,1333
662,1386
662,1396
662,1397
662,1401
662,1403
662,1413
662,1426
662,1471
662,1488
662,1533
662,1556
662,1574
662,1653
662,1677
662,1687
662,1697
662,1704
662,1705
662,1737
662,1738
662,1765
662,1809
662,1817
662,1853
662,1854
662,1862
662,1883
662,1926
662,1937
662,1957
662,1964
662,1981
662,1987
662,2046
662,2097
662,2124
662,2151
662,2198
662,2204
662,2205
662,2217
662,2249
662,2254
662,2255
662,2287
662,2316
662,2317
662,2342
662,2346
662,2356
662,2358
662,2505
663,677
663,681
663,687
663,718
663,734
663,755
663,776
663,834
663,881
663,882
663,947
663,966
663,975
663,1006
663,1029
663,1046
663,1047
663,1059
663,1060
663,1066
663,1100
663,1109
663,1160
663,1178
663,1197
663,1267
663,1314
663,1318
663,1333
663,1347
663,1386
663,1390
663,1396
663,1397
663,1401
663,1403
663,1409
663,1412
663,1426
663,1451
663,1452
663,1471
663,1487
663,1488
663,1493
663,1533
663,1543
663,1574
663,1620
663,1653
663,1677
663,1687
663,1697
663,1699
663,1704
663,1705
663,1712
663,1720
663,1737
663,1738
663,1765
663,1809
663,1853
663,1854
663,1861
663,1862
663,1883
663,1919
663,1926
663,1937
663,1939
663,1957
663,1964
663,1972
663,1981
663,1987
663,2001
663,2046
663,2090
663,2097
663,2101
663,2124
663,2151
663,2198
663,2204
663,2205
663,2217
663,2249
663,2254
663,2255
663,2261
663,2287
663,2316
663,2317
663,2346
663,2358
663,2420
663,2485
663,2605
663,2634
663,2705
665,916
665,943
665,1017
665,1055
665,1065
665,1257
665,1322
665,1496
665,1509
665,1524
665,1557
665,1560
665,1606
665,1624
665,1625
665,1710
665,1750
665,1840
665,1851
665,1898
665,1940
665,1966
665,2007
665,2079
665,2082
665,2103
665,2118
665,2139
665,2226
665,2252
665,2280
665,2327
665,2413
665,2417
665,2418
665,2478
665,2512
665,2558
665,2561
665,2599
665,2621
665,2672
665,2708
675,1712
677,687
677,718
677,734
677,1100
677,1471
677,1653
677,1712
677,1937
677,1987
677,2317
679,718
679,734
679,1409
679,1620
679,1653
679,1712
679,1937
679,1939
679,1987
679,2605
681,687
681,718
681,723
681,951
681,1019
681,1066
681,1089
681,1100
681,1149
681,1178
681,1257
681,1267
681,1390
681,1424
681,1465
681,1469
681,1470
681,1471
681,1486
681,1493
681,1551
681,1556
681,1574
681,1653
681,1687
681,1704
681,1809
681,1840
681,1853
681,1857
681,1862
681,1899
681,1919
681,1937
681,1972
681,1981
681,1987
681,2090
681,2101
681,2118
681,2124
681,2151
681,2243
681,2249
681,2254
681,2317
681,2341
681,2342
681,2358
681,2420
687,718
687,723
687,734
687,755
687,756
687,761
687,776
687,782
687,794
687,834
687,859
687,882
687,889
687,908
687,923
687,946
687,949
687,951
687,952
687,966
687,975
687,976
687,988
687,989
687,1006
687,1019
687,1046
687,1047
687,1059
687,1060
687,1066
687,1089
687,1100
687,1109
687,1149
687,1160
687,1162
687,1178
687,1185
687,1233
687,1235
687,1257
687,1267
687,1314
687,1318
687,1333
687,1339
687,1347
687,1367
687,1386
687,1390
687,1391
687,1396
687,1397
687,1401
687,1403
687,1409
687,1412
687,1415
687,1424
687,1448
687,1451
687,1452
687,1456
687,1465
687,1469
687,1470
687,1471
687,1486
687,1487
687,1488
687,1493
687,1513
687,1514
687,1517
687,1523
687,1530
687,1531
687,1533
687,1535
687,1543
687,1551
687,1556
687,1574
687,1603
687,1605
687,1620
687,1629
687,1653
687,1677
687,1687
687,1697
687,1699
687,1704
687,1705
687,1712
687,1720
687,1737
687,1749
687,1752
687,1756
687,1765
687,1806
687,1809
687,1840
687,1853
687,1854
687,1857
687,1861
687,1862
687,1883
687,1889
687,1894
687,1899
687,1916
687,1919
687,1926
687,1937
687,1939
687,1944
687,1957
687,1961
687,1964
687,1972
687,1981
687,1987
687,2001
687,2021
687,2027
687,2028
687,2046
687,2054
687,2058
687,2090
687,2092
687,2097
687,2101
687,2118
687,2124
687,2151
687,2156
687,2159
687,2188
687,2196
687,2198
687,2202
687,2203
687,2204
687,2205
687,2217
687,2241
687,2243
687,2249
687,2254
687,2261
687,2316
687,2317
687,2341
687,2342
687,2346
687,2356
687,2358
687,2365
687,2420
687,2431
687,2442
687,2485
687,2605
687,2634
687,2642
687,2705
695,1017
695,1624
695,1840
695,2226
718,723
718,729
718,734
718,761
718,776
718,794
718,808
718,830
718,834
718,859
718,882
718,889
718,906
718,908
718,946
718,949
718,966
718,975
718,976
718,989
718,1000
718,1006
718,1013
718,1018
718,1029
718,1046
718,1047
718,1059
718,1060
718,1066
718,1092
718,1100
718,1103
718,1109
718,1123
718,1160
718,1178
718,1179
718,1185
718,1207
718,1242
718,1245
718,1246
718,1249
718,1314
718,1333
718,1347
718,1386
718,1390
718,1391
718,1396
718,1397
718,1401
718,1403
718,1409
718,1412
718,1415
718,1424
718,1439
718,1448
718,1451
718,1452
718,1456
718,1465
718,1471
718,1474
718,1487
718,1488
718,1493
718,1503
718,1517
718,1543
718,1574
718,1597
718,1620
718,1653
718,1655
718,1677
718,1687
718,1697
718,1699
718,1704
718,1705
718,1712
718,1718
718,1720
718,1737
718,1749
718,1765
718,1843
718,1853
718,1854
718,1862
718,1883
718,1889
718,1894
718,1919
718,1937
718,1939
718,1944
718,1972
718,1981
718,1986
718,1987
718,1996
718,2001
718,2027
718,2028
718,2058
718,2090
718,2101
718,2108
718,2124
718,2151
718,2156
718,2159
718,2172
718,2188
718,2191
718,2196
718,2202
718,2204
718,2205
718,2217
718,2243
718,2245
718,2249
718,2254
718,2261
718,2291
718,2316
718,2317
718,2322
718,2340
718,2358
718,2365
718,2376
718,2420
718,2431
718,2442
718,2485
718,2535
718,2563
718,2605
718,2634
718,2642
718,2647
718,2648
718,2651
718,2705
719,1840
723,1066
723,1100
723,1267
723,1390
723,1424
723,1465
723,1471
723,1653
723,1687
723,1937
723,1987
723,2124
723,2243
723,2249
729,1653
729,1937
734,794
734,834
734,882
734,889
734,975
734,976
734,1047
734,1066
734,1100
734,1109
734,1178
734,1185
734,1314
734,1347
734,1386
734,1390
734,1396
734,1401
734,1409
734,1412
734,1451
734,1471
734,1493
734,1543
734,1574
734,1620
734,1653
734,1687
734,1699
734,1712
734,1737
734,1749
734,1765
734,1862
734,1894
734,1919
734,1937
734,1939
734,1972
734,1986
734,1987
734,1996
734,2001
734,2027
734,2028
734,2058
734,2090
734,2101
734,2108
734,2151
734,2159
734,2249
734,2254
734,2261
734,2316
734,2317
734,2358
734,2376
734,2605
734,2634
734,2705
750,1840
753,755
753,2097
753,2254
753,2255
753,2358
755,850
755,947
755,958
755,966
755,1066
755,1150
755,1178
755,1199
755,1257
755,1314
755,1333
755,1396
755,1397
755,1403
755,1454
755,1471
755,1704
755,1705
755,1738
755,1765
755,1809
755,1853
755,1854
755,1861
755,1926
755,1964
755,2046
755,2097
755,2124
755,2151
755,2198
755,2204
755,2217
755,2254
755,2255
755,2317
755,2356
755,2358
756,1471
756,2124
761,1100
761,1471
761,1653
761,1687
761,1937
761,1987
764,1840
774,2255
776,1066
776,1100
776,1471
776,1653
776,1687
776,1937
776,1987
776,2124
776,2249
776,2254
776,2317
776,2358
777,1017
777,1257
777,1522
777,1523
777,1840
777,2007
777,2162
777,2226
780,1840
780,2226
782,1014
782,1257
782,1267
782,1471
782,1809
782,2097
782,2124
782,2254
782,2317
782,2342
782,2358
794,1471
794,1653
794,1712
794,1937
794,1987
808,1653
808,1712
808,1937
819,2255
826,1840
830,1620
830,1653
830,1712
830,1937
834,966
834,1006
834,1047
834,1060
834,1066
834,1100
834,1109
834,1178
834,1314
834,1386
834,1390
834,1396
834,1397
834,1401
834,1403
834,1409
834,1412
834,1471
834,1543
834,1574
834,1620
834,1653
834,1687
834,1697
834,1704
834,1705
834,1712
834,1737
834,1765
834,1853
834,1854
834,1862
834,1937
834,1939
834,1972
834,1987
834,2124
834,2151
834,2204
834,2217
834,2249
834,2254
834,2261
834,2316
834,2317
834,2358
834,2605
837,1840
850,1014
850,1257
850,1367
850,1522
850,1523
850,1704
850,1809
850,1840
850,1926
850,1964
850,2097
850,2118
850,2124
850,2226
850,2254
850,2255
850,2342
850,2358
859,1066
859,1471
859,1653
859,1937
865,922
865,950
865,1014
865,1017
865,1074
865,1204
865,1257
865,1367
865,1522
865,1523
865,1603
865,1606
865,1809
865,1840
865,2007
865,2097
865,2118
865,2162
865,2226
865,2255
865,2512
869,1712
869,1937
880,922
880,1014
880,1017
880,1204
880,1219
880,1257
880,1367
880,1522
880,1523
880,1716
880,1840
880,2007
880,2162
880,2226
881,2204
881,2254
881,2255
881,2317
881,2358
882,1066
882,1100
882,1471
882,1653
882,1687
882,1712
882,1862
882,1937
882,1987
882,2124
882,2151
882,2249
882,2254
882,2317
882,2358
886,2097
886,2255
889,976
889,1620
889,1653
889,1712
889,1937
889,1939
889,1987
906,1937
907,2204
907,2254
907,2255
907,2358
908,1066
908,1100
908,1471
908,1653
908,1687
908,1937
908,1987
908,2124
908,2358
915,1840
916,1624
916,1840
916,2226
916,2561
918,1017
918,1257
918,1624
918,1809
918,1840
918,2007
918,2124
918,2226
922,1014
922,1017
922,1055
922,1074
922,1204
922,1257
922,1367
922,1522
922,1523
922,1551
922,1603
922,1606
922,1624
922,1809
922,1840
922,1967
922,2007
922,2097
922,2118
922,2124
922,2162
922,2226
922,2342
922,2418
922,2512
922,2558
923,1471
923,1687
923,1987
926,1017
926,1624
926,1840
926,2007
926,2226
928,1014
928,1257
928,1267
928,1522
928,1523
928,1809
928,1840
928,1967
928,2007
928,2097
928,2118
928,2124
928,2226
928,2342
943,1017
943,1055
943,1065
943,1257
943,1509
943,1624
943,1750
943,1840
943,2007
943,2226
943,2413
943,2561
943,2621
946,1066
946,1100
946,1471
946,1653
946,1937
946,1987
946,2249
946,2317
946,2358
947,1199
947,1397
947,1704
947,1738
947,1853
947,1926
947,1964
947,2097
947,2204
947,2254
947,2255
947,2317
947,2358
949,1066
949,1471
949,1653
949,1712
949,1937
949,1987
949,2249
950,1014
950,1257
950,1367
950,1522
950,1523
950,1603
950,1809
950,1840
950,2007
950,2097
950,2226
950,2255
950,2342
951,1267
951,1465
951,1471
951,1687
951,1809
951,1840
951,2124
952,1471
952,2124
958,1014
958,1150
958,1257
958,1367
958,1522
958,1523
958,1809
958,1926
958,1964
958,2097
958,2118
958,2124
958,2254
958,2255
958,2358
966,1006
966,1066
966,1100
966,1109
966,1178
966,1197
966,1314
966,1333
966,1396
966,1397
966,1403
966,1471
966,1653
966,1704
966,1737
966,1765
966,1853
966,1854
966,1862
966,1926
966,1937
966,1964
966,1987
966,2046
966,2097
966,2124
966,2151
966,2198
966,2204
966,2217
966,2249
966,2254
966,2255
966,2316
966,2317
966,2358
975,1066
975,1574
975,1653
975,1712
975,1937
975,1987
975,2249
975,2254
975,2317
975,2358
976,1620
976,1653
976,1712
976,1937
976,1939
976,1987
977,1014
977,1257
977,1522
977,1523
977,2007
977,2226
983,2255
988,1471
988,1809
988,2097
988,2124
988,2254
988,2358
989,1100
989,1471
989,1653
989,1687
989,1937
989,1987
989,2124
990,1465
990,1840
997,1964
997,2097
997,2254
997,2255
997,2358
1000,1653
1000,1937
1006,1066
1006,1314
1006,1403
1006,1471
1006,1653
1006,1704
1006,1765
1006,1854
1006,1937
1006,1964
1006,1987
1006,2151
1006,2204
1006,2249
1006,2254
1006,2317
1006,2358
1010,1840
1010,2124
1013,1653
1013,1937
1014,1017
1014,1074
1014,1150
1014,1199
1014,1204
1014,1219
1014,1231
1014,1234
1014,1257
1014,1267
1014,1268
1014,1330
1014,1367
1014,1441
1014,1522
1014,1523
1014,1531
1014,1533
1014,1551
1014,1603
1014,1606
1014,1624
1014,1629
1014,1637
1014,1716
1014,1809
1014,1840
1014,1853
1014,1899
1014,1926
1014,1957
1014,1964
1014,1967
1014,1999
1014,2007
1014,2097
1014,2118
1014,2124
1014,2139
1014,2162
1014,2198
1014,2226
1014,2254
1014,2255
1014,2341
1014,2342
1014,2358
1014,2418
1014,2512
1014,2558
1017,1055
1017,1065
1017,1074
1017,1204
1017,1219
1017,1257
1017,1269
1017,1367
1017,1496
1017,1497
1017,1509
1017,1522
1017,1523
1017,1524
1017,1525
1017,1551
1017,1557
1017,1560
1017,1603
1017,1606
1017,1624
1017,1625
1017,1750
1017,1809
1017,1840
1017,1898
1017,1899
1017,1900
1017,1940
1017,1967
1017,1999
1017,2007
1017,2079
1017,2082
1017,2103
1017,2118
1017,2124
1017,2139
1017,2162
1017,2226
1017,2280
1017,2342
1017,2413
1017,2417
1017,2418
1017,2478
1017,2512
1017,2558
1017,2561
1017,2577
1017,2621
1017,2672
1018,1620
1018,1653
1018,1712
1018,1937
1019,1257
1019,1267
1019,1465
1019,1471
1019,1551
1019,1809
1019,1840
1019,1899
1019,2007
1019,2118
1019,2124
1019,2226
1019,2342
1021,1840
1021,2226
1022,1840
1029,1653
1029,1712
1029,1937
1029,2317
1029,2358
1046,1066
1046,1100
1046,1471
1046,1653
1046,1687
1046,1712
1046,1937
1046,1987
1046,2151
1046,2249
1046,2254
1046,2317
1046,2358
1047,1066
1047,1100
1047,1390
1047,1409
1047,1471
1047,1543
1047,1574
1047,1620
1047,1653
1047,1687
1047,1712
1047,1737
1047,1749
1047,1765
1047,1862
1047,1937
1047,1939
1047,1972
1047,1987
1047,2108
1047,2151
1047,2249
1047,2261
1047,2317
1047,2358
1047,2605
1051,1624
1051,2226
1055,1065
1055,1257
1055,1496
1055,1509
1055,1524
1055,1525
1055,1557
1055,1560
1055,1606
1055,1624
1055,1625
1055,1750
1055,1840
1055,1898
1055,1900
1055,1940
1055,2007
1055,2079
1055,2103
1055,2118
1055,2226
1055,2252
1055,2280
1055,2413
1055,2417
1055,2418
1055,2478
1055,2512
1055,2558
1055,2561
1055,2621
1055,2672
1059,1066
1059,1100
1059,1471
1059,1653
1059,1687
1059,1712
1059,1937
1059,1987
1059,2249
1059,2317
1059,2358
1060,1066
1060,1100
1060,1471
1060,1653
1060,1712
1060,1937
1060,1987
1060,2249
1060,2254
1060,2317
1060,2358
1063,1840
1065,1257
1065,1496
1065,1509
1065,1524
1065,1525
1065,1557
1065,1560
1065,1606
1065,1624
1065,1625
1065,1750
1065,1840
1065,1940
1065,2007
1065,2079
1065,2103
1065,2118
1065,2226
1065,2252
1065,2280
1065,2413
1065,2417
1065,2418
1065,2478
1065,2512
1065,2558
1065,2561
1065,2621
1065,2672
1066,1100
1066,1109
1066,1160
1066,1178
1066,1197
1066,1267
1066,1314
1066,1333
1066,1347
1066,1386
1066,1390
1066,1396
1066,1397
1066,1401
1066,1403
1066,1409
1066,1412
1066,1451
1066,1452
1066,1471
1066,1487
1066,1488
1066,1493
1066,1543
1066,1574
1066,1620
1066,1653
1066,1655
1066,1677
1066,1687
1066,1697
1066,1699
1066,1704
1066,1705
1066,1712
1066,1720
1066,1737
1066,1749
1066,1765
1066,1809
1066,1853
1066,1854
1066,1862
1066,1883
1066,1919
1066,1937
1066,1939
1066,1972
1066,1981
1066,1987
1066,2001
1066,2046
1066,2058
1066,2090
1066,2101
1066,2124
1066,2151
1066,2204
1066,2205
1066,2217
1066,2243
1066,2249
1066,2254
1066,2261
1066,2316
1066,2317
1066,2358
1066,2485
1066,2605
1066,2634
1066,2705
1074,1204
1074,1257
1074,1267
1074,1367
1074,1522
1074,1523
1074,1551
1074,1603
1074,1809
1074,1840
1074,2007
1074,2097
1074,2118
1074,2124
1074,2226
1074,2342
1077,2124
1089,1257
1089,1267
1089,1471
1089,1523
1089,1809
1089,1840
1089,2118
1089,2124
1089,2342
1092,1653
1092,1712
1092,1937
1100,1109
1100,1160
1100,1178
1100,1185
1100,1267
1100,1314
1100,1333
1100,1347
1100,1386
1100,1390
1100,1396
1100,1397
1100,1401
1100,1403
1100,1409
1100,1412
1100,1415
1100,1424
1100,1448
1100,1451
1100,1465
1100,1469
1100,1470
1100,1471
1100,1488
1100,1493
1100,1513
1100,1517
1100,1543
1100,1574
1100,1620
1100,1653
1100,1687
1100,1697
1100,1699
1100,1704
1100,1705
1100,1712
1100,1720
1100,1737
1100,1749
1100,1765
1100,1809
1100,1857
1100,1862
1100,1883
1100,1889
1100,1894
1100,1919
1100,1937
1100,1939
1100,1944
1100,1972
1100,1981
1100,1987
1100,2027
1100,2028
1100,2058
1100,2090
1100,2101
1100,2124
1100,2151
1100,2156
1100,2159
1100,2196
1100,2204
1100,2243
1100,2249
1100,2254
1100,2261
1100,2316
1100,2317
1100,2358
1100,2420
1100,2605
1100,2634
1100,2705
1103,1712
1103,1937
1109,1314
1109,1403
1109,1471
1109,1574
1109,1653
1109,1712
1109,1765
1109,1862
1109,1937
1109,1972
1109,1987
1109,2151
1109,2204
1109,2249
1109,2254
1109,2317
1109,2358
1123,1937
1126,2226
1148,2358
1149,1267
1149,1465
1149,1471
1149,1809
1149,1840
1149,2124
1150,1199
1150,1257
1150,1809
1150,1926
1150,1964
1150,2097
1150,2124
1150,2254
1150,2255
1150,2358
1158,2097
1160,1471
1160,1653
1160,1687
1160,1937
1160,1987
1160,2124
1160,2249
1160,2254
1160,2317
1160,2358
1162,1471
1162,1937
1165,2097
1165,2124
1165,2254
1165,2255
1165,2358
1176,2254
1176,2358
1178,1314
1178,1333
1178,1390
1178,1401
1178,1403
1178,1471
1178,1574
1178,1653
1178,1687
1178,1704
1178,1705
1178,1712
1178,1765
1178,1862
1178,1937
1178,1972
1178,1987
1178,2124
1178,2151
1178,2204
1178,2249
1178,2254
1178,2316
1178,2317
1178,2358
1179,1937
1185,1471
1185,1620
1185,1653
1185,1712
1185,1937
1185,1987
1197,1314
1197,1403
1197,1704
1197,1964
1197,2097
1197,2204
1197,2254
1197,2255
1197,2317
1197,2358
1199,1234
1199,1413
1199,1704
1199,1738
1199,1926
1199,1964
1199,2097
1199,2204
1199,2254
1199,2255
1199,2358
1204,1257
1204,1267
1204,1367
1204,1522
1204,1523
1204,1551
1204,1603
1204,1606
1204,1716
1204,1809
1204,1840
1204,1967
1204,2007
1204,2097
1204,2118
1204,2124
1204,2162
1204,2226
1204,2342
1204,2512
1207,1653
1207,1937
1219,1257
1219,1522
1219,1523
1219,1840
1219,2007
1219,2097
1219,2226
1231,1522
1231,2007
1233,1471
1234,1964
1234,2097
1234,2254
1234,2255
1234,2358
1235,1471
1242,1937
1245,1620
1245,1653
1245,1712
1245,1937
1246,1653
1246,1937
1249,1620
1249,1653
1249,1712
1249,1937
1257,1267
1257,1322
1257,1330
1257,1333
1257,1367
1257,1441
1257,1469
1257,1470
1257,1471
1257,1495
1257,1496
1257,1498
1257,1509
1257,1522
1257,1523
1257,1530
1257,1531
1257,1533
1257,1551
1257,1556
1257,1560
1257,1603
1257,1606
1257,1624
1257,1629
1257,1637
1257,1704
1257,1705
1257,1716
1257,1750
1257,1809
1257,1840
1257,1853
1257,1899
1257,1900
1257,1911
1257,1926
1257,1957
1257,1964
1257,1967
1257,1999
1257,2007
1257,2082
1257,2097
1257,2103
1257,2118
1257,2124
1257,2139
1257,2162
1257,2198
1257,2226
1257,2254
1257,2255
1257,2341
1257,2342
1257,2346
1257,2358
1257,2391
1257,2413
1257,2418
1257,2420
1257,2478
1257,2512
1257,2558
1257,2561
1257,2577
1267,1318
1267,1367
1267,1390
1267,1465
1267,1469
1267,1470
1267,1471
1267,1486
1267,1522
1267,1523
1267,1530
1267,1531
1267,1533
1267,1551
1267,1556
1267,1603
1267,1629
1267,1637
1267,1687
1267,1704
1267,1809
1267,1840
1267,1853
1267,1899
1267,1926
1267,1957
1267,1967
1267,1987
1267,2007
1267,2097
1267,2118
1267,2124
1267,2226
1267,2243
1267,2254
1267,2317
1267,2341
1267,2342
1267,2346
1267,2358
1267,2420
1268,1522
1268,2007
1269,1624
1269,1840
1269,2226
1271,1471
1285,1624
1285,1840
1285,2226
1291,2254
1291,2358
1305,2358
1312,2124
1314,1333
1314,1386
1314,1390
1314,1396
1314,1397
1314,1401
1314,1403
1314,1412
1314,1471
1314,1488
1314,1574
1314,1653
1314,1687
1314,1697
1314,1704
1314,1705
1314,1712
1314,1737
1314,1765
1314,1853
1314,1854
1314,1862
1314,1883
1314,1937
1314,1939
1314,1964
1314,1972
1314,1987
1314,2046
1314,2097
1314,2124
1314,2151
1314,2204
1314,2217
1314,2249
1314,2254
1314,2255
1314,2316
1314,2317
1314,2358
1314,2605
1318,1471
1318,1704
1318,1809
1318,2097
1318,2124
1318,2254
1318,2317
1318,2342
1318,2358
1322,1624
1322,1840
1322,2226
1327,2097
1330,1522
1330,1523
1330,1840
1330,2007
1330,2097
1330,2124
1330,2342
1333,1396
1333,1397
1333,1471
1333,1653
1333,1687
1333,1704
1333,1705
1333,1765
1333,1809
1333,1853
1333,1854
1333,1861
1333,1926
1333,1937
1333,1964
1333,2046
1333,2097
1333,2124
1333,2151
1333,2204
1333,2254
1333,2255
1333,2317
1333,2358
1339,1471
1341,1840
1347,1471
1347,1574
1347,1653
1347,1687
1347,1937
1347,1972
1347,1987
1347,2249
1347,2317
1347,2358
1351,1624
1351,1840
1351,2226
1356,2097
1367,1470
1367,1471
1367,1522
1367,1523
1367,1531
1367,1533
1367,1551
1367,1603
1367,1606
1367,1716
1367,1809
1367,1840
1367,1926
1367,1957
1367,1964
1367,1967
1367,1999
1367,2007
1367,2097
1367,2118
1367,2124
1367,2162
1367,2226
1367,2255
1367,2341
1367,2342
1367,2358
1368,1840
1368,2124
1368,2342
1386,1403
1386,1471
1386,1574
1386,1653
1386,1687
1386,1712
1386,1765
1386,1862
1386,1937
1386,1972
1386,1987
1386,2124
1386,2151
1386,2204
1386,2249
1386,2254
1386,2317
1386,2358
1390,1401
1390,1424
1390,1465
1390,1471
1390,1493
1390,1574
1390,1653
1390,1687
1390,1712
1390,1737
1390,1765
1390,1862
1390,1919
1390,1937
1390,1939
1390,1972
1390,1987
1390,2090
1390,2101
1390,2124
1390,2151
1390,2243
1390,2249
1390,2254
1390,2261
1390,2317
1390,2358
1391,1937
1396,1397
1396,1403
1396,1412
1396,1471
1396,1653
1396,1687
1396,1697
1396,1704
1396,1705
1396,1712
1396,1737
1396,1765
1396,1853
1396,1854
1396,1862
1396,1937
1396,1939
1396,1964
1396,1987
1396,2046
1396,2097
1396,2150
1396,2151
1396,2204
1396,2217
1396,2249
1396,2254
1396,2255
1396,2317
1396,2358
1397,1403
1397,1471
1397,1653
1397,1687
1397,1697
1397,1704
1397,1705
1397,1712
1397,1737
1397,1765
1397,1853
1397,1854
1397,1862
1397,1937
1397,1939
1397,1964
1397,1987
1397,2046
1397,2097
1397,2150
1397,2151
1397,2204
1397,2217
1397,2249
1397,2254
1397,2255
1397,2317
1397,2358
1401,1403
1401,1471
1401,1574
1401,1653
1401,1687
1401,1712
1401,1765
1401,1862
1401,1937
1401,1939
1401,1972
1401,1987
1401,2124
1401,2151
1401,2204
1401,2249
1401,2254
1401,2317
1401,2358
1403,1471
1403,1574
1403,1653
1403,1687
1403,1704
1403,1737
1403,1765
1403,1853
1403,1854
1403,1862
1403,1937
1403,1964
1403,1987
1403,2124
1403,2151
1403,2204
1403,2217
1403,2249
1403,2254
1403,2255
1403,2316
1403,2317
1403,2358
1409,1471
1409,1574
1409,1620
1409,1653
1409,1687
1409,1712
1409,1862
1409,1937
1409,1939
1409,1987
1409,2108
1409,2151
1409,2249
1409,2261
1409,2605
1412,1471
1412,1620
1412,1653
1412,1687
1412,1712
1412,1765
1412,1937
1412,1939
1412,1987
1412,2151
1412,2249
1412,2317
1412,2358
1413,1964
1413,2097
1413,2254
1413,2255
1413,2358
1415,1471
1415,1687
1415,1937
1415,1987
1415,2124
1417,1624
1417,1840
1417,2226
1424,1465
1424,1471
1424,1653
1424,1687
1424,1937
1424,1987
1424,2124
1424,2243
1424,2249
1426,2254
1426,2317
1426,2358
1434,2124
1439,1653
1439,1712
1439,1937
1441,1522
1441,1523
1441,1840
1441,2007
1441,2226
1448,1471
1448,1653
1448,1687
1448,1712
1448,1937
1448,1987
1451,1471
1451,1653
1451,1687
1451,1712
1451,1937
1451,1972
1451,1987
1451,2249
1451,2317
1452,1620
1452,1653
1452,1687
1452,1712
1452,1937
1452,1987
1452,2249
1454,2097
1454,2255
1454,2358
1456,1471
1456,1937
1465,1471
1465,1486
1465,1493
1465,1495
1465,1525
1465,1551
1465,1620
1465,1653
1465,1687
1465,1712
1465,1744
1465,1752
1465,1756
1465,1809
1465,1840
1465,1899
1465,1937
1465,1939
1465,1987
1465,2090
1465,2101
1465,2124
1465,2203
1465,2243
1465,2420
1469,1470
1469,1471
1469,1523
1469,1551
1469,1687
1469,1809
1469,1840
1469,1987
1469,2118
1469,2124
1469,2243
1469,2342
1469,2358
1470,1471
1470,1523
1470,1551
1470,1687
1470,1809
1470,1840
1470,1987
1470,2118
1470,2124
1470,2243
1470,2342
1471,1486
1471,1487
1471,1488
1471,1493
1471,1513
1471,1514
1471,1517
1471,1523
1471,1530
1471,1531
1471,1533
1471,1535
1471,1543
1471,1551
1471,1556
1471,1574
1471,1603
1471,1605
1471,1629
1471,1653
1471,1677
1471,1687
1471,1697
1471,1699
1471,1704
1471,1705
1471,1712
1471,1720
1471,1737
1471,1749
1471,1752
1471,1756
1471,1765
1471,1806
1471,1809
1471,1840
1471,1853
1471,1854
1471,1857
1471,1861
1471,1862
1471,1883
1471,1889
1471,1894
1471,1899
1471,1916
1471,1919
1471,1926
1471,1937
1471,1939
1471,1944
1471,1957
1471,1961
1471,1964
1471,1972
1471,1981
1471,1987
1471,2001
1471,2021
1471,2046
1471,2054
1471,2058
1471,2090
1471,2092
1471,2097
1471,2101
1471,2118
1471,2124
1471,2151
1471,2156
1471,2159
1471,2196
1471,2198
1471,2204
1471,2205
1471,2217
1471,2241
1471,2243
1471,2249
1471,2254
1471,2261
1471,2316
1471,2317
1471,2341
1471,2342
1471,2346
1471,2358
1471,2365
1471,2420
1471,2431
1471,2442
1471,2485
1471,2605
1471,2634
1471,2642
1471,2705
1474,1937
1481,1522
1481,1840
1481,2007
1481,2226
1486,1809
1486,1840
1486,2124
1487,1653
1487,1937
1487,1987
1487,2249
1487,2254
1487,2317
1487,2358
1488,1653
1488,1704
1488,1937
1488,1987
1488,2124
1488,2151
1488,2204
1488,2249
1488,2254
1488,2317
1488,2358
1491,2124
1493,1653
1493,1687
1493,1712
1493,1937
1493,1939
1493,1987
1493,2090
1493,2101
1493,2124
1493,2151
1493,2249
1494,2124
1495,1551
1495,1624
1495,1809
1495,1840
1495,1899
1495,2007
1495,2124
1495,2226
1495,2342
1496,1522
1496,1523
1496,1560
1496,1606
1496,1624
1496,1840
1496,2007
1496,2226
1496,2418
1496,2478
1496,2512
1496,2558
1496,2561
1497,1624
1497,1840
1497,2007
1497,2226
1498,1624
1498,1809
1498,1840
1498,2007
1498,2124
1498,2226
1498,2342
1499,1840
1503,1937
1509,1557
1509,1560
1509,1606
1509,1624
1509,1625
1509,1750
1509,1840
1509,1940
1509,2007
1509,2103
1509,2226
1509,2280
1509,2413
1509,2417
1509,2478
1509,2512
1509,2561
1509,2621
1509,2672
1513,1687
1513,1987
1513,2124
1517,1653
1517,1687
1517,1937
1517,1987
1522,1523
1522,1531
1522,1533
1522,1551
1522,1603
1522,1606
1522,1624
1522,1637
1522,1716
1522,1809
1522,1840
1522,1899
1522,1926
1522,1957
1522,1964
1522,1967
1522,1999
1522,2007
1522,2097
1522,2118
1522,2124
1522,2139
1522,2162
1522,2226
1522,2255
1522,2341
1522,2342
1522,2418
1522,2478
1522,2512
1522,2558
1522,2577
1523,1531
1523,1533
1523,1551
1523,1603
1523,1606
1523,1624
1523,1716
1523,1809
1523,1840
1523,1899
1523,1926
1523,1957
1523,1967
1523,1999
1523,2007
1523,2097
1523,2118
1523,2124
1523,2139
1523,2162
1523,2226
1523,2341
1523,2342
1523,2418
1523,2478
1523,2512
1523,2558
1524,1624
1524,1840
1524,2226
1525,1624
1525,1840
1525,2226
1528,1840
1528,2124
1530,1809
1530,1840
1530,2124
1530,2342
1531,1603
1531,1809
1531,1840
1531,2007
1531,2097
1531,2118
1531,2124
1531,2342
1533,1603
1533,1809
1533,1926
1533,1964
1533,2097
1533,2118
1533,2124
1533,2254
1533,2255
1533,2317
1533,2342
1533,2358
1543,1574
1543,1653
1543,1687
1543,1699
1543,1712
1543,1937
1543,1972
1543,1987
1543,2151
1543,2249
1543,2254
1543,2261
1543,2317
1543,2358
1551,1603
1551,1606
1551,1624
1551,1716
1551,1809
1551,1840
1551,1899
1551,1900
1551,1967
1551,1999
1551,2007
1551,2118
1551,2124
1551,2226
1551,2341
1551,2342
1551,2418
1551,2478
1551,2512
1551,2558
1556,1809
1556,2124
1556,2254
1556,2317
1556,2342
1556,2358
1557,1560
1557,1606
1557,1624
1557,1750
1557,1840
1557,1940
1557,2007
1557,2226
1557,2413
1557,2417
1557,2418
1557,2478
1557,2512
1557,2561
1557,2621
1559,1840
1560,1606
1560,1624
1560,1750
1560,1840
1560,1940
1560,2007
1560,2226
1560,2413
1560,2417
1560,2478
1560,2512
1560,2561
1560,2621
1574,1620
1574,1653
1574,1687
1574,1699
1574,1712
1574,1737
1574,1749
1574,1765
1574,1862
1574,1919
1574,1937
1574,1939
1574,1972
1574,1987
1574,2124
1574,2151
1574,2204
1574,2249
1574,2254
1574,2261
1574,2316
1574,2317
1574,2358
1574,2605
1591,1712
1597,1937
1597,2358
1603,1606
1603,1716
1603,1809
1603,1840
1603,1926
1603,1957
1603,1964
1603,1967
1603,1999
1603,2007
1603,2097
1603,2118
1603,2124
1603,2226
1603,2341
1603,2342
1603,2512
1605,1809
1605,1840
1605,2124
1605,2342
1606,1624
1606,1750
1606,1809
1606,1840
1606,1899
1606,1900
1606,1967
1606,1999
1606,2007
1606,2118
1606,2124
1606,2226
1606,2342
1606,2413
1606,2418
1606,2478
1606,2512
1606,2558
1606,2561
1606,2577
1606,2621
1620,1653
1620,1687
1620,1712
1620,1749
1620,1862
1620,1937
1620,1939
1620,1986
1620,1987
1620,1996
1620,2108
1620,2151
1620,2249
1620,2261
1620,2291
1620,2322
1620,2376
1620,2535
1620,2605
1620,2647
1620,2648
1624,1625
1624,1642
1624,1709
1624,1710
1624,1750
1624,1798
1624,1809
1624,1830
1624,1840
1624,1851
1624,1884
1624,1898
1624,1899
1624,1900
1624,1940
1624,1966
1624,1967
1624,1999
1624,2007
1624,2017
1624,2019
1624,2023
1624,2079
1624,2080
1624,2082
1624,2103
1624,2118
1624,2139
1624,2162
1624,2226
1624,2252
1624,2280
1624,2327
1624,2343
1624,2413
1624,2417
1624,2418
1624,2446
1624,2463
1624,2473
1624,2478
1624,2512
1624,2540
1624,2558
1624,2561
1624,2577
1624,2593
1624,2599
1624,2621
1624,2672
1624,2708
1625,1750
1625,1840
1625,2226
1625,2413
1625,2561
1629,1809
1629,1840
1629,2124
1629,2254
1629,2342
1629,2358
1637,1809
1637,1840
1637,1926
1637,1964
1637,2097
1637,2118
1637,2124
1637,2254
1637,2255
1637,2342
1637,2358
1640,2226
1642,1840
1642,2226
1653,1655
1653,1677
1653,1687
1653,1697
1653,1699
1653,1704
1653,1705
1653,1712
1653,1720
1653,1737
1653,1749
1653,1765
1653,1843
1653,1862
1653,1883
1653,1894
1653,1919
1653,1937
1653,1939
1653,1944
1653,1972
1653,1981
1653,1986
1653,1987
1653,1996
1653,2001
1653,2027
1653,2028
1653,2058
1653,2090
1653,2101
1653,2108
1653,2124
1653,2151
1653,2156
1653,2159
1653,2172
1653,2188
1653,2191
1653,2196
1653,2202
1653,2204
1653,2205
1653,2217
1653,2243
1653,2249
1653,2254
1653,2261
1653,2291
1653,2316
1653,2317
1653,2322
1653,2340
1653,2358
1653,2365
1653,2376
1653,2431
1653,2485
1653,2535
1653,2605
1653,2634
1653,2642
1653,2647
1653,2648
1653,2651
1653,2705
1655,1712
1655,1937
1655,2249
1677,1704
1677,1937
1677,1987
1677,2124
1677,2204
1677,2254
1677,2317
1677,2358
1687,1697
1687,1704
1687,1712
1687,1720
1687,1737
1687,1749
1687,1765
1687,1806
1687,1809
1687,1857
1687,1862
1687,1889
1687,1894
1687,1916
1687,1919
1687,1937
1687,1939
1687,1944
1687,1972
1687,1981
1687,1987
1687,2058
1687,2090
1687,2101
1687,2124
1687,2151
1687,2156
1687,2159
1687,2196
1687,2243
1687,2249
1687,2254
1687,2261
1687,2316
1687,2317
1687,2358
1687,2420
1687,2605
1687,2634
1687,2705
1697,1704
1697,1705
1697,1712
1697,1765
1697,1937
1697,1939
1697,1987
1697,2151
1697,2254
1697,2317
1697,2358
1699,1712
1699,1937
1699,1972
1699,1987
1699,2151
1699,2249
1699,2254
1699,2261
1699,2317
1699,2358
1704,1705
1704,1737
1704,1738
1704,1765
1704,1809
1704,1853
1704,1854
1704,1861
1704,1862
1704,1883
1704,1926
1704,1937
1704,1957
1704,1964
1704,1981
1704,1987
1704,2046
1704,2097
1704,2118
1704,2124
1704,2151
1704,2198
1704,2204
1704,2217
1704,2249
1704,2254
1704,2255
1704,2316
1704,2317
1704,2342
1704,2346
1704,2358
1705,1765
1705,1809
1705,1853
1705,1854
1705,1926
1705,1937
1705,1964
1705,1987
1705,2046
1705,2097
1705,2124
1705,2151
1705,2204
1705,2254
1705,2255
1705,2317
1705,2358
1709,1840
1709,2226
1710,1750
1710,1840
1710,2226
1712,1720
1712,1737
1712,1749
1712,1765
1712,1843
1712,1862
1712,1894
1712,1919
1712,1937
1712,1939
1712,1972
1712,1986
1712,1987
1712,1996
1712,2001
1712,2027
1712,2028
1712,2058
1712,2090
1712,2101
1712,2108
1712,2151
1712,2159
1712,2172
1712,2202
1712,2248
1712,2249
1712,2261
1712,2291
1712,2316
1712,2317
1712,2322
1712,2340
1712,2358
1712,2365
1712,2376
1712,2485
1712,2535
1712,2563
1712,2605
1712,2620
1712,2634
1712,2647
1712,2648
1712,2651
1712,2705
1716,1840
1716,2007
1716,2226
1716,2342
1718,1937
1720,1937
1720,1987
1720,2249
1720,2317
1720,2358
1737,1765
1737,1862
1737,1937
1737,1939
1737,1972
1737,1987
1737,2151
1737,2204
1737,2249
1737,2254
1737,2261
1737,2316
1737,2317
1737,2358
1737,2605
1738,1964
1738,2097
1738,2204
1738,2254
1738,2255
1738,2317
1738,2358
1744,1840
1748,2226
1749,1937
1749,1972
1749,1987
1749,2249
1749,2261
1750,1840
1750,1940
1750,2007
1750,2103
1750,2226
1750,2252
1750,2280
1750,2413
1750,2417
1750,2478
1750,2512
1750,2561
1750,2621
1750,2672
1752,1840
1752,2124
1759,2097
1759,2255
1765,1853
1765,1854
1765,1862
1765,1937
1765,1939
1765,1972
1765,1987
1765,2046
1765,2124
1765,2151
1765,2204
1765,2205
1765,2217
1765,2249
1765,2254
1765,2261
1765,2316
1765,2317
1765,2358
1765,2605
1798,1840
1798,2226
1808,1840
1809,1840
1809,1853
1809,1856
1809,1857
1809,1861
1809,1899
1809,1926
1809,1957
1809,1964
1809,1967
1809,1987
1809,1999
1809,2007
1809,2097
1809,2118
1809,2124
1809,2139
1809,2162
1809,2198
1809,2226
1809,2243
1809,2254
1809,2317
1809,2341
1809,2342
1809,2346
1809,2356
1809,2358
1809,2391
1809,2418
1809,2420
1809,2512
1809,2558
1817,2097
1817,2254
1817,2255
1817,2358
1830,1840
1830,2226
1840,1850
1840,1851
1840,1856
1840,1884
1840,1898
1840,1899
1840,1900
1840,1911
1840,1940
1840,1955
1840,1957
1840,1965
1840,1966
1840,1967
1840,1999
1840,2007
1840,2009
1840,2017
1840,2019
1840,2020
1840,2023
1840,2079
1840,2080
1840,2082
1840,2092
1840,2097
1840,2103
1840,2118
1840,2124
1840,2139
1840,2162
1840,2181
1840,2203
1840,2226
1840,2227
1840,2243
1840,2252
1840,2280
1840,2327
1840,2341
1840,2342
1840,2343
1840,2346
1840,2370
1840,2391
1840,2413
1840,2415
1840,2417
1840,2418
1840,2420
1840,2446
1840,2463
1840,2473
1840,2478
1840,2512
1840,2540
1840,2558
1840,2561
1840,2577
1840,2593
1840,2599
1840,2621
1840,2672
1840,2696
1840,2708
1843,1937
1851,2226
1853,1854
1853,1926
1853,1937
1853,1964
1853,1987
1853,2046
1853,2097
1853,2118
1853,2124
1853,2198
1853,2204
1853,2254
1853,2255
1853,2317
1853,2342
1853,2346
1853,2358
1854,1926
1854,1937
1854,1964
1854,2046
1854,2097
1854,2124
1854,2151
1854,2198
1854,2204
1854,2254
1854,2255
1854,2317
1854,2358
1856,2124
1857,1987
1857,2124
1861,2097
1861,2124
1861,2254
1861,2317
1861,2358
1862,1919
1862,1937
1862,1939
1862,1972
1862,1987
1862,2124
1862,2151
1862,2204
1862,2249
1862,2254
1862,2261
1862,2316
1862,2317
1862,2358
1862,2605
1873,2255
1883,1937
1883,1987
1883,2151
1883,2204
1883,2249
1883,2254
1883,2317
1883,2358
1884,2226
1889,1937
1889,1987
1889,2124
1894,1937
1894,1987
1894,2249
1898,2226
1898,2561
1899,1967
1899,1999
1899,2007
1899,2118
1899,2124
1899,2226
1899,2341
1899,2342
1900,2007
1900,2226
1900,2561
1911,2226
1919,1937
1919,1939
1919,1972
1919,1987
1919,2124
1919,2151
1919,2249
1919,2317
1919,2358
1926,1957
1926,1964
1926,2046
1926,2097
1926,2118
1926,2124
1926,2198
1926,2204
1926,2254
1926,2255
1926,2317
1926,2342
1926,2358
1937,1939
1937,1944
1937,1972
1937,1981
1937,1986
1937,1987
1937,1996
1937,2001
1937,2027
1937,2028
1937,2058
1937,2090
1937,2101
1937,2108
1937,2124
1937,2151
1937,2156
1937,2159
1937,2172
1937,2188
1937,2191
1937,2196
1937,2202
1937,2204
1937,2205
1937,2217
1937,2243
1937,2245
1937,2249
1937,2254
1937,2261
1937,2291
1937,2316
1937,2317
1937,2322
1937,2340
1937,2358
1937,2365
1937,2376
1937,2420
1937,2431
1937,2442
1937,2485
1937,2535
1937,2563
1937,2605
1937,2634
1937,2642
1937,2647
1937,2648
1937,2651
1937,2705
1938,2097
1938,2254
1938,2255
1938,2358
1939,1972
1939,1987
1939,2090
1939,2101
1939,2151
1939,2159
1939,2249
1939,2254
1939,2261
1939,2317
1939,2322
1939,2358
1939,2605
1939,2634
1940,2007
1940,2226
1940,2413
1940,2417
1940,2478
1940,2512
1940,2561
1940,2621
1944,1987
1944,2124
1944,2358
1955,2226
1957,1964
1957,2097
1957,2118
1957,2124
1957,2254
1957,2255
1957,2317
1957,2342
1957,2358
1964,2046
1964,2097
1964,2118
1964,2124
1964,2198
1964,2204
1964,2254
1964,2255
1964,2317
1964,2342
1964,2346
1964,2356
1964,2358
1965,2226
1966,2226
1966,2561
1967,2007
1967,2097
1967,2118
1967,2124
1967,2226
1967,2342
1967,2512
1972,1987
1972,2058
1972,2124
1972,2151
1972,2249
1972,2254
1972,2261
1972,2316
1972,2317
1972,2358
1972,2605
1981,1987
1981,2124
1981,2249
1981,2254
1981,2317
1981,2358
1987,1996
1987,2001
1987,2027
1987,2028
1987,2058
1987,2090
1987,2101
1987,2108
1987,2124
1987,2151
1987,2156
1987,2159
1987,2196
1987,2202
1987,2204
1987,2243
1987,2249
1987,2254
1987,2261
1987,2316
1987,2317
1987,2358
1987,2376
1987,2420
1987,2431
1987,2485
1987,2605
1987,2634
1987,2705
1990,2226
1999,2007
1999,2118
1999,2124
1999,2226
1999,2342
2001,2249
2001,2317
2001,2358
2006,2124
2006,2254
2006,2358
2007,2079
2007,2097
2007,2103
2007,2118
2007,2124
2007,2139
2007,2162
2007,2181
2007,2226
2007,2341
2007,2342
2007,2413
2007,2417
2007,2418
2007,2478
2007,2512
2007,2558
2007,2561
2007,2577
2007,2621
2009,2124
2009,2226
2017,2226
2019,2226
2020,2226
2023,2226
2029,2124
2046,2097
2046,2124
2046,2204
2046,2254
2046,2255
2046,2317
2046,2358
2058,2249
2058,2317
2066,2226
2079,2226
2080,2226
2080,2561
2082,2226
2090,2101
2090,2124
2090,2151
2090,2249
2092,2124
2096,2097
2097,2118
2097,2124
2097,2139
2097,2150
2097,2162
2097,2198
2097,2204
2097,2254
2097,2255
2097,2269
2097,2317
2097,2342
2097,2346
2097,2356
2097,2358
2097,2428
2101,2124
2101,2151
2101,2249
2103,2226
2103,2413
2103,2417
2103,2561
2103,2621
2108,2249
2108,2261
2108,2605
2118,2124
2118,2139
2118,2162
2118,2226
2118,2254
2118,2341
2118,2342
2118,2346
2118,2358
2118,2418
2118,2420
2118,2512
2118,2558
2124,2139
2124,2151
2124,2156
2124,2196
2124,2198
2124,2203
2124,2204
2124,2226
2124,2243
2124,2249
2124,2254
2124,2316
2124,2317
2124,2341
2124,2342
2124,2345
2124,2346
2124,2356
2124,2358
2124,2391
2124,2420
2124,2512
2124,2696
2139,2226
2150,2254
2150,2255
2150,2358
2151,2204
2151,2249
2151,2254
2151,2261
2151,2316
2151,2317
2151,2358
2151,2605
2151,2634
2151,2705
2162,2226
2162,2418
2162,2512
2181,2226
2198,2204
2198,2254
2198,2255
2198,2317
2198,2342
2198,2358
2204,2217
2204,2249
2204,2254
2204,2255
2204,2316
2204,2317
2204,2358
2205,2254
2205,2317
2205,2358
2217,2254
2217,2255
2217,2317
2217,2358
2226,2252
2226,2280
2226,2327
2226,2342
2226,2343
2226,2413
2226,2417
2226,2418
2226,2446
2226,2463
2226,2473
2226,2478
2226,2512
2226,2540
2226,2558
2226,2561
2226,2577
2226,2593
2226,2599
2226,2621
2226,2672
2226,2708
2243,2249
2243,2342
2249,2254
2249,2261
2249,2316
2249,2317
2249,2358
2249,2485
2249,2605
2249,2634
2252,2561
2254,2255
2254,2269
2254,2287
2254,2316
2254,2317
2254,2342
2254,2346
2254,2356
2254,2358
2254,2379
2254,2420
2254,2505
2254,2705
2255,2269
2255,2317
2255,2356
2255,2358
2255,2428
2255,2505
2261,2317
2261,2358
2261,2605
2269,2358
2280,2413
2280,2417
2280,2561
2280,2621
2287,2317
2287,2358
2291,2322
2291,2605
2316,2317
2316,2358
2317,2342
2317,2346
2317,2358
2317,2431
2317,2485
2317,2605
2317,2634
2317,2705
2322,2605
2341,2342
2342,2346
2342,2358
2342,2391
2342,2420
2346,2358
2356,2358
2358,2379
2358,2420
2358,2431
2358,2485
2358,2505
2358,2605
2358,2705
2413,2417
2413,2478
2413,2512
2413,2561
2413,2621
2413,2672
2417,2478
2417,2561
2417,2621
2418,2478
2418,2512
2418,2558
2418,2561
2438,2709
2463,2561
2478,2512
2478,2558
2478,2561
2478,2621
2512,2558
2512,2561
2512,2577
2512,2621
2556,2709
2557,2707
2557,2709
2558,2561
2561,2599
2561,2621
2561,2672
2621,2672
2632,2709
2707,2709
