real_ID,pro_ID
2,0
3,1
4,2
5,3
6,4
7,5
8,6
9,7
10,8
11,9
12,10
13,11
14,12
15,13
16,14
17,15
18,16
19,17
20,18
21,19
22,20
23,21
24,22
25,23
26,24
27,25
30,26
31,27
32,28
33,29
34,30
35,31
36,32
37,33
38,34
39,35
40,36
41,37
42,38
43,39
44,40
45,41
46,42
47,43
48,44
49,45
50,46
51,47
53,48
54,49
55,50
56,51
57,52
58,53
59,54
60,55
61,56
62,57
63,58
64,59
65,60
66,61
67,62
68,63
69,64
70,65
71,66
72,67
74,68
75,69
76,70
77,71
78,72
79,73
80,74
81,75
82,76
83,77
84,78
85,79
86,80
87,81
88,82
89,83
90,84
91,85
92,86
93,87
94,88
95,89
96,90
97,91
98,92
99,93
100,94
101,95
102,96
103,97
104,98
105,99
106,100
107,101
108,102
109,103
110,104
111,105
112,106
113,107
114,108
115,109
116,110
117,111
118,112
119,113
120,114
121,115
122,116
123,117
124,118
126,119
127,120
128,121
129,122
130,123
131,124
132,125
133,126
134,127
135,128
136,129
137,130
138,131
139,132
140,133
141,134
142,135
143,136
144,137
145,138
146,139
147,140
148,141
149,142
150,143
151,144
152,145
153,146
154,147
155,148
156,149
157,150
158,151
159,152
160,153
161,154
162,155
163,156
164,157
165,158
166,159
167,160
168,161
170,162
171,163
173,164
174,165
175,166
176,167
177,168
178,169
179,170
181,171
182,172
183,173
184,174
185,175
186,176
187,177
188,178
189,179
190,180
191,181
192,182
193,183
194,184
195,185
196,186
197,187
198,188
199,189
200,190
201,191
202,192
203,193
204,194
205,195
206,196
207,197
208,198
209,199
210,200
211,201
212,202
213,203
214,204
215,205
216,206
217,207
218,208
219,209
220,210
221,211
222,212
223,213
224,214
225,215
226,216
227,217
229,218
231,219
232,220
233,221
234,222
235,223
236,224
237,225
238,226
239,227
240,228
241,229
242,230
243,231
244,232
245,233
246,234
247,235
248,236
249,237
250,238
251,239
252,240
253,241
254,242
255,243
256,244
257,245
258,246
259,247
260,248
261,249
262,250
263,251
264,252
265,253
266,254
267,255
268,256
269,257
270,258
271,259
272,260
274,261
275,262
276,263
277,264
279,265
280,266
281,267
282,268
283,269
284,270
285,271
286,272
287,273
288,274
289,275
290,276
291,277
292,278
293,279
294,280
295,281
296,282
297,283
298,284
299,285
300,286
301,287
302,288
303,289
304,290
305,291
306,292
307,293
308,294
309,295
310,296
311,297
312,298
313,299
314,300
315,301
316,302
317,303
318,304
319,305
320,306
321,307
322,308
323,309
324,310
325,311
326,312
327,313
328,314
329,315
330,316
331,317
332,318
333,319
334,320
335,321
336,322
337,323
338,324
339,325
340,326
341,327
342,328
343,329
344,330
346,331
347,332
348,333
349,334
350,335
351,336
352,337
353,338
354,339
355,340
356,341
357,342
358,343
359,344
360,345
361,346
362,347
363,348
364,349
365,350
366,351
367,352
368,353
369,354
370,355
371,356
372,357
373,358
374,359
375,360
376,361
377,362
378,363
379,364
380,365
381,366
382,367
383,368
384,369
385,370
386,371
387,372
388,373
389,374
390,375
391,376
392,377
393,378
394,379
395,380
396,381
397,382
398,383
399,384
400,385
401,386
402,387
403,388
404,389
405,390
406,391
407,392
408,393
409,394
410,395
411,396
412,397
413,398
414,399
415,400
416,401
417,402
418,403
419,404
420,405
422,406
423,407
425,408
426,409
427,410
428,411
429,412
430,413
431,414
432,415
433,416
434,417
435,418
436,419
437,420
438,421
439,422
440,423
441,424
442,425
443,426
444,427
445,428
446,429
447,430
448,431
449,432
450,433
451,434
452,435
453,436
454,437
455,438
456,439
457,440
458,441
459,442
461,443
462,444
463,445
464,446
465,447
466,448
467,449
468,450
469,451
470,452
472,453
473,454
474,455
477,456
478,457
479,458
480,459
481,460
482,461
483,462
484,463
485,464
486,465
488,466
489,467
490,468
491,469
492,470
493,471
494,472
495,473
496,474
497,475
498,476
500,477
501,478
502,479
503,480
504,481
505,482
507,483
508,484
509,485
510,486
511,487
513,488
514,489
515,490
516,491
517,492
518,493
519,494
520,495
521,496
522,497
523,498
524,499
525,500
526,501
527,502
528,503
529,504
530,505
531,506
532,507
533,508
534,509
535,510
536,511
537,512
538,513
539,514
540,515
541,516
542,517
543,518
544,519
545,520
546,521
547,522
548,523
549,524
550,525
551,526
552,527
553,528
555,529
556,530
557,531
558,532
559,533
560,534
561,535
562,536
563,537
564,538
565,539
566,540
567,541
569,542
570,543
571,544
572,545
573,546
574,547
575,548
576,549
577,550
578,551
579,552
580,553
581,554
582,555
583,556
584,557
585,558
586,559
587,560
588,561
589,562
590,563
591,564
592,565
593,566
594,567
595,568
596,569
597,570
598,571
599,572
600,573
601,574
602,575
603,576
604,577
605,578
606,579
607,580
608,581
609,582
610,583
611,584
612,585
613,586
614,587
615,588
616,589
617,590
618,591
619,592
620,593
621,594
622,595
623,596
624,597
625,598
626,599
627,600
628,601
629,602
630,603
631,604
632,605
633,606
634,607
635,608
636,609
637,610
638,611
639,612
640,613
641,614
642,615
643,616
644,617
645,618
646,619
647,620
648,621
649,622
650,623
651,624
652,625
653,626
654,627
655,628
656,629
657,630
658,631
659,632
660,633
661,634
662,635
663,636
664,637
665,638
666,639
667,640
668,641
669,642
670,643
671,644
672,645
673,646
674,647
676,648
677,649
678,650
679,651
680,652
681,653
682,654
683,655
684,656
685,657
686,658
687,659
688,660
689,661
690,662
691,663
692,664
693,665
694,666
695,667
696,668
697,669
698,670
699,671
700,672
701,673
702,674
703,675
704,676
705,677
706,678
707,679
708,680
709,681
710,682
711,683
712,684
713,685
714,686
715,687
716,688
717,689
718,690
719,691
720,692
721,693
722,694
723,695
724,696
725,697
726,698
727,699
728,700
729,701
730,702
731,703
732,704
733,705
734,706
735,707
736,708
737,709
738,710
739,711
740,712
741,713
742,714
743,715
744,716
745,717
746,718
747,719
748,720
749,721
750,722
751,723
752,724
753,725
754,726
755,727
756,728
757,729
758,730
759,731
760,732
762,733
763,734
764,735
765,736
766,737
767,738
768,739
769,740
770,741
771,742
772,743
773,744
774,745
775,746
776,747
777,748
778,749
779,750
780,751
781,752
782,753
783,754
784,755
785,756
786,757
787,758
788,759
789,760
790,761
791,762
792,763
793,764
794,765
795,766
796,767
797,768
798,769
799,770
800,771
801,772
802,773
803,774
804,775
805,776
806,777
807,778
808,779
809,780
810,781
811,782
812,783
813,784
814,785
815,786
816,787
817,788
818,789
819,790
820,791
821,792
822,793
823,794
824,795
825,796
826,797
827,798
828,799
829,800
830,801
831,802
832,803
833,804
834,805
836,806
837,807
838,808
839,809
840,810
841,811
842,812
843,813
844,814
845,815
846,816
847,817
848,818
849,819
850,820
851,821
853,822
855,823
856,824
857,825
858,826
859,827
860,828
862,829
863,830
864,831
865,832
866,833
867,834
868,835
869,836
870,837
871,838
872,839
873,840
874,841
875,842
876,843
877,844
878,845
879,846
880,847
881,848
882,849
883,850
884,851
886,852
887,853
888,854
889,855
890,856
891,857
892,858
893,859
894,860
895,861
896,862
897,863
898,864
899,865
900,866
901,867
902,868
903,869
904,870
905,871
906,872
908,873
909,874
910,875
911,876
912,877
913,878
914,879
916,880
917,881
918,882
919,883
920,884
921,885
922,886
923,887
924,888
925,889
926,890
927,891
928,892
929,893
930,894
931,895
932,896
933,897
934,898
935,899
936,900
937,901
938,902
939,903
940,904
942,905
943,906
944,907
945,908
946,909
947,910
948,911
949,912
950,913
951,914
952,915
953,916
954,917
955,918
956,919
957,920
958,921
959,922
961,923
962,924
963,925
964,926
965,927
966,928
967,929
969,930
970,931
971,932
972,933
973,934
974,935
975,936
976,937
977,938
978,939
979,940
980,941
981,942
982,943
983,944
984,945
985,946
986,947
987,948
988,949
989,950
990,951
991,952
992,953
993,954
994,955
995,956
996,957
997,958
998,959
999,960
1000,961
1001,962
1002,963
1003,964
1004,965
1005,966
1006,967
1007,968
1008,969
1009,970
1010,971
1011,972
1012,973
1013,974
1015,975
1016,976
1017,977
1018,978
1019,979
1021,980
1022,981
1023,982
1024,983
1025,984
1026,985
1027,986
1028,987
1029,988
1030,989
1031,990
1032,991
1035,992
1036,993
1037,994
1038,995
1039,996
1040,997
1041,998
1042,999
1043,1000
1044,1001
1045,1002
1046,1003
1047,1004
1048,1005
1049,1006
1050,1007
1051,1008
1052,1009
1053,1010
1054,1011
1055,1012
1056,1013
1057,1014
1058,1015
1059,1016
1061,1017
1062,1018
1063,1019
1064,1020
1065,1021
1066,1022
1067,1023
1068,1024
1069,1025
1070,1026
1071,1027
1072,1028
1073,1029
1074,1030
1075,1031
1076,1032
1077,1033
1078,1034
1079,1035
1080,1036
1081,1037
1082,1038
1083,1039
1084,1040
1085,1041
1086,1042
1087,1043
1088,1044
1089,1045
1090,1046
1091,1047
1092,1048
1093,1049
1094,1050
1095,1051
1096,1052
1097,1053
1098,1054
1099,1055
1100,1056
1101,1057
1102,1058
1103,1059
1104,1060
1105,1061
1106,1062
1107,1063
1108,1064
1109,1065
1110,1066
1111,1067
1112,1068
1113,1069
1114,1070
1115,1071
1116,1072
1117,1073
1119,1074
1120,1075
1121,1076
1122,1077
1123,1078
1124,1079
1125,1080
1126,1081
1127,1082
1128,1083
1129,1084
1130,1085
1131,1086
1132,1087
1133,1088
1134,1089
1135,1090
1136,1091
1137,1092
1138,1093
1139,1094
1140,1095
1141,1096
1142,1097
1144,1098
1145,1099
1146,1100
1147,1101
1148,1102
1149,1103
1150,1104
1151,1105
1152,1106
1153,1107
1154,1108
1155,1109
1156,1110
1157,1111
1158,1112
1159,1113
1160,1114
1161,1115
1162,1116
1163,1117
1164,1118
1165,1119
1166,1120
1167,1121
1168,1122
1169,1123
1170,1124
1171,1125
1172,1126
1173,1127
1175,1128
1176,1129
1177,1130
1178,1131
1179,1132
1180,1133
1181,1134
1182,1135
1183,1136
1184,1137
1185,1138
1186,1139
1188,1140
1189,1141
1190,1142
1191,1143
1192,1144
1193,1145
1194,1146
1195,1147
1196,1148
1197,1149
1198,1150
1199,1151
1200,1152
1201,1153
1202,1154
1203,1155
1204,1156
1205,1157
1206,1158
1207,1159
1208,1160
1209,1161
1210,1162
1211,1163
1212,1164
1213,1165
1214,1166
1215,1167
1216,1168
1218,1169
1219,1170
1220,1171
1221,1172
1222,1173
1223,1174
1224,1175
1225,1176
1226,1177
1227,1178
1228,1179
1229,1180
1230,1181
1231,1182
1232,1183
1233,1184
1234,1185
1236,1186
1237,1187
1238,1188
1240,1189
1241,1190
1242,1191
1243,1192
1244,1193
1245,1194
1246,1195
1247,1196
1248,1197
1249,1198
1250,1199
1251,1200
1252,1201
1253,1202
1254,1203
1255,1204
1256,1205
1257,1206
1258,1207
1259,1208
1260,1209
1261,1210
1262,1211
1263,1212
1264,1213
1265,1214
1266,1215
1267,1216
1268,1217
1269,1218
1270,1219
1271,1220
1272,1221
1273,1222
1274,1223
1275,1224
1276,1225
1277,1226
1278,1227
1279,1228
1280,1229
1281,1230
1282,1231
1283,1232
1285,1233
1286,1234
1287,1235
1288,1236
1289,1237
1290,1238
1292,1239
1293,1240
1294,1241
1295,1242
1296,1243
1297,1244
1298,1245
1299,1246
1300,1247
1301,1248
1302,1249
1303,1250
1304,1251
1305,1252
1307,1253
1308,1254
1309,1255
1310,1256
1311,1257
1312,1258
1313,1259
1314,1260
1315,1261
1316,1262
1317,1263
1318,1264
1319,1265
1320,1266
1321,1267
1322,1268
1323,1269
1324,1270
1325,1271
1326,1272
1327,1273
1328,1274
1329,1275
1330,1276
1333,1277
1334,1278
1335,1279
1336,1280
1337,1281
1338,1282
1339,1283
1340,1284
1341,1285
1342,1286
1343,1287
1344,1288
1345,1289
1346,1290
1347,1291
1348,1292
1349,1293
1350,1294
1351,1295
1352,1296
1353,1297
1354,1298
1355,1299
1356,1300
1357,1301
1358,1302
1359,1303
1360,1304
1361,1305
1362,1306
1363,1307
1364,1308
1365,1309
1366,1310
1367,1311
1368,1312
1369,1313
1370,1314
1371,1315
1372,1316
1373,1317
1374,1318
1375,1319
1376,1320
1377,1321
1378,1322
1379,1323
1381,1324
1382,1325
1383,1326
1384,1327
1385,1328
1386,1329
1387,1330
1388,1331
1389,1332
1391,1333
1392,1334
1393,1335
1394,1336
1395,1337
1396,1338
1397,1339
1398,1340
1399,1341
1400,1342
1402,1343
1403,1344
1404,1345
1405,1346
1406,1347
1407,1348
1408,1349
1409,1350
1410,1351
1411,1352
1412,1353
1413,1354
1414,1355
1415,1356
1416,1357
1417,1358
1418,1359
1419,1360
1420,1361
1421,1362
1422,1363
1423,1364
1424,1365
1425,1366
1426,1367
1427,1368
1428,1369
1429,1370
1430,1371
1431,1372
1432,1373
1433,1374
1434,1375
1435,1376
1436,1377
1437,1378
1438,1379
1439,1380
1440,1381
1441,1382
1442,1383
1443,1384
1444,1385
1445,1386
1446,1387
1447,1388
1448,1389
1449,1390
1450,1391
1451,1392
1452,1393
1453,1394
1454,1395
1455,1396
1456,1397
1457,1398
1458,1399
1459,1400
1460,1401
1461,1402
1462,1403
1463,1404
1465,1405
1466,1406
1467,1407
1468,1408
1469,1409
1470,1410
1472,1411
1473,1412
1474,1413
1475,1414
1476,1415
1477,1416
1478,1417
1479,1418
1480,1419
1481,1420
1482,1421
1484,1422
1485,1423
1486,1424
1487,1425
1488,1426
1489,1427
1490,1428
1491,1429
1492,1430
1493,1431
1494,1432
1495,1433
1496,1434
1497,1435
1498,1436
1499,1437
1500,1438
1501,1439
1502,1440
1503,1441
1504,1442
1505,1443
1506,1444
1507,1445
1508,1446
1509,1447
1510,1448
1511,1449
1512,1450
1513,1451
1514,1452
1515,1453
1516,1454
1517,1455
1518,1456
1519,1457
1520,1458
1521,1459
1522,1460
1523,1461
1524,1462
1525,1463
1526,1464
1527,1465
1528,1466
1529,1467
1530,1468
1531,1469
1532,1470
1533,1471
1534,1472
1535,1473
1536,1474
1537,1475
1538,1476
1539,1477
1540,1478
1541,1479
1542,1480
1543,1481
1544,1482
1545,1483
1546,1484
1547,1485
1548,1486
1549,1487
1550,1488
1551,1489
1552,1490
1553,1491
1554,1492
1555,1493
1556,1494
1557,1495
1558,1496
1559,1497
1560,1498
1561,1499
1562,1500
1563,1501
1564,1502
1565,1503
1566,1504
1567,1505
1568,1506
1569,1507
1570,1508
1571,1509
1572,1510
1573,1511
1574,1512
1575,1513
1576,1514
1577,1515
1578,1516
1579,1517
1580,1518
1581,1519
1582,1520
1583,1521
1584,1522
1585,1523
1586,1524
1587,1525
1588,1526
1589,1527
1590,1528
1591,1529
1593,1530
1594,1531
1595,1532
1596,1533
1597,1534
1598,1535
1599,1536
1600,1537
1601,1538
1602,1539
1603,1540
1604,1541
1605,1542
1606,1543
1607,1544
1608,1545
1609,1546
1610,1547
1611,1548
1612,1549
1613,1550
1614,1551
1615,1552
1616,1553
1617,1554
1618,1555
1620,1556
1621,1557
1622,1558
1623,1559
1624,1560
1625,1561
1626,1562
1627,1563
1628,1564
1629,1565
1630,1566
1631,1567
1632,1568
1633,1569
1634,1570
1635,1571
1636,1572
1637,1573
1638,1574
1639,1575
1640,1576
1641,1577
1642,1578
1643,1579
1644,1580
1645,1581
1646,1582
1647,1583
1648,1584
1649,1585
1650,1586
1651,1587
1652,1588
1653,1589
1654,1590
1655,1591
1656,1592
1657,1593
1658,1594
1659,1595
1660,1596
1661,1597
1662,1598
1663,1599
1664,1600
1665,1601
1666,1602
1667,1603
1668,1604
1669,1605
1670,1606
1671,1607
1672,1608
1673,1609
1674,1610
1675,1611
1676,1612
1677,1613
1678,1614
1679,1615
1680,1616
1681,1617
1682,1618
1683,1619
1684,1620
1685,1621
1686,1622
1687,1623
1688,1624
1689,1625
1690,1626
1691,1627
1692,1628
1693,1629
1694,1630
1695,1631
1696,1632
1698,1633
1699,1634
1700,1635
1701,1636
1702,1637
1703,1638
1704,1639
1705,1640
1706,1641
1707,1642
1708,1643
1709,1644
1710,1645
1711,1646
1712,1647
1713,1648
1714,1649
1715,1650
1716,1651
1717,1652
1718,1653
1719,1654
1720,1655
1721,1656
1722,1657
1723,1658
1724,1659
1725,1660
1726,1661
1727,1662
1728,1663
1729,1664
1730,1665
1732,1666
1733,1667
1734,1668
1735,1669
1736,1670
1737,1671
1738,1672
1739,1673
1740,1674
1741,1675
1742,1676
1743,1677
1744,1678
1745,1679
1746,1680
1747,1681
1748,1682
1749,1683
1750,1684
1751,1685
1752,1686
1753,1687
1754,1688
1755,1689
1756,1690
1757,1691
1758,1692
1759,1693
1760,1694
1761,1695
1762,1696
1763,1697
1764,1698
1765,1699
1766,1700
1768,1701
1769,1702
1770,1703
1771,1704
1772,1705
1773,1706
1774,1707
1775,1708
1776,1709
1777,1710
1778,1711
1779,1712
1780,1713
1781,1714
1782,1715
1783,1716
1784,1717
1785,1718
1786,1719
1787,1720
1788,1721
1789,1722
1790,1723
1791,1724
1792,1725
1793,1726
1794,1727
1795,1728
1796,1729
1797,1730
1798,1731
1799,1732
1800,1733
1801,1734
1802,1735
1803,1736
1804,1737
1805,1738
1806,1739
1807,1740
1808,1741
1809,1742
1810,1743
1811,1744
1812,1745
1813,1746
1814,1747
1815,1748
1817,1749
1818,1750
1819,1751
1820,1752
1821,1753
1822,1754
1823,1755
1824,1756
1825,1757
1826,1758
1827,1759
1828,1760
1829,1761
1830,1762
1831,1763
1832,1764
1833,1765
1834,1766
1835,1767
1836,1768
1837,1769
1839,1770
1840,1771
1841,1772
1842,1773
1843,1774
1844,1775
1845,1776
1846,1777
1847,1778
1848,1779
1849,1780
1850,1781
1851,1782
1852,1783
1853,1784
1854,1785
1855,1786
1856,1787
1857,1788
1858,1789
1859,1790
1860,1791
1861,1792
1862,1793
1864,1794
1865,1795
1866,1796
1867,1797
1868,1798
1869,1799
1870,1800
1871,1801
1872,1802
1873,1803
1874,1804
1875,1805
1876,1806
1877,1807
1878,1808
1879,1809
1880,1810
1881,1811
1882,1812
1883,1813
1884,1814
1885,1815
1886,1816
1887,1817
1888,1818
1889,1819
1890,1820
1891,1821
1892,1822
1893,1823
1894,1824
1895,1825
1896,1826
1897,1827
1898,1828
1899,1829
1900,1830
1901,1831
1902,1832
1903,1833
1904,1834
1905,1835
1906,1836
1907,1837
1908,1838
1909,1839
1910,1840
1911,1841
1912,1842
1913,1843
1914,1844
1915,1845
1916,1846
1917,1847
1918,1848
1919,1849
1920,1850
1921,1851
1922,1852
1923,1853
1925,1854
1926,1855
1927,1856
1928,1857
1929,1858
1930,1859
1931,1860
1932,1861
1933,1862
1934,1863
1935,1864
1936,1865
1937,1866
1938,1867
1939,1868
1940,1869
1941,1870
1942,1871
1943,1872
1944,1873
1945,1874
1946,1875
1947,1876
1948,1877
1949,1878
1950,1879
1951,1880
1952,1881
1953,1882
1954,1883
1955,1884
1956,1885
1957,1886
1958,1887
1959,1888
1960,1889
1961,1890
1962,1891
1963,1892
1964,1893
1965,1894
1966,1895
1967,1896
1968,1897
1969,1898
1970,1899
1971,1900
1972,1901
1973,1902
1974,1903
1975,1904
1976,1905
1977,1906
1979,1907
1980,1908
1981,1909
1982,1910
1983,1911
1984,1912
1985,1913
1986,1914
1987,1915
1988,1916
1989,1917
1990,1918
1991,1919
1992,1920
1994,1921
1995,1922
1996,1923
1997,1924
1998,1925
1999,1926
2000,1927
2001,1928
2002,1929
2003,1930
2004,1931
2005,1932
2006,1933
2007,1934
2008,1935
2009,1936
2010,1937
2011,1938
2012,1939
2013,1940
2014,1941
2016,1942
2017,1943
2018,1944
2019,1945
2020,1946
2021,1947
2022,1948
2023,1949
2024,1950
2025,1951
2026,1952
2027,1953
2028,1954
2029,1955
2030,1956
2031,1957
2032,1958
2033,1959
2034,1960
2035,1961
2036,1962
2037,1963
2038,1964
2039,1965
2040,1966
2041,1967
2042,1968
2043,1969
2044,1970
2045,1971
2046,1972
2047,1973
2048,1974
2049,1975
2050,1976
2051,1977
2053,1978
2054,1979
2055,1980
2056,1981
2057,1982
2058,1983
2059,1984
2060,1985
2061,1986
2062,1987
2063,1988
2064,1989
2065,1990
2066,1991
2067,1992
2068,1993
2069,1994
2070,1995
2071,1996
2072,1997
2073,1998
2074,1999
2075,2000
2076,2001
2077,2002
2078,2003
2079,2004
2080,2005
2081,2006
2082,2007
2083,2008
2084,2009
2085,2010
2087,2011
2088,2012
2089,2013
2090,2014
2091,2015
2092,2016
2093,2017
2094,2018
2095,2019
2096,2020
2097,2021
2098,2022
2099,2023
2100,2024
2101,2025
2102,2026
2103,2027
2104,2028
2105,2029
2106,2030
2107,2031
2108,2032
2109,2033
2110,2034
2111,2035
2112,2036
2113,2037
2114,2038
2115,2039
2116,2040
2117,2041
2119,2042
2120,2043
2121,2044
2122,2045
2123,2046
2124,2047
2125,2048
2126,2049
2127,2050
2128,2051
2129,2052
2130,2053
2131,2054
2132,2055
2133,2056
2134,2057
2136,2058
2137,2059
2138,2060
2139,2061
2140,2062
2141,2063
2142,2064
2143,2065
2144,2066
2145,2067
2146,2068
2147,2069
2148,2070
2149,2071
2150,2072
2151,2073
2152,2074
2153,2075
2154,2076
2155,2077
2156,2078
2157,2079
2158,2080
2159,2081
2160,2082
2161,2083
2162,2084
2163,2085
2164,2086
2165,2087
2166,2088
2167,2089
2168,2090
2169,2091
2170,2092
2171,2093
2172,2094
2173,2095
2174,2096
2175,2097
2176,2098
2177,2099
2178,2100
2179,2101
2180,2102
2181,2103
2182,2104
2183,2105
2184,2106
2185,2107
2186,2108
2187,2109
2188,2110
2189,2111
2190,2112
2191,2113
2192,2114
2193,2115
2194,2116
2195,2117
2197,2118
2198,2119
2199,2120
2200,2121
2201,2122
2202,2123
2203,2124
2206,2125
2207,2126
2208,2127
2209,2128
2210,2129
2211,2130
2212,2131
2213,2132
2214,2133
2215,2134
2216,2135
2218,2136
2219,2137
2220,2138
2221,2139
2223,2140
2224,2141
2225,2142
2226,2143
2227,2144
2228,2145
2229,2146
2230,2147
2231,2148
2232,2149
2233,2150
2234,2151
2235,2152
2236,2153
2237,2154
2238,2155
2239,2156
2240,2157
2241,2158
2242,2159
2243,2160
2244,2161
2245,2162
2246,2163
2247,2164
2248,2165
2249,2166
2250,2167
2251,2168
2252,2169
2253,2170
2254,2171
2255,2172
2256,2173
2257,2174
2258,2175
2259,2176
2260,2177
2261,2178
2262,2179
2263,2180
2264,2181
2265,2182
2267,2183
2268,2184
2269,2185
2270,2186
2271,2187
2272,2188
2273,2189
2274,2190
2275,2191
2276,2192
2277,2193
2278,2194
2279,2195
2280,2196
2281,2197
2282,2198
2283,2199
2284,2200
2285,2201
2286,2202
2287,2203
2288,2204
2289,2205
2290,2206
2291,2207
2292,2208
2293,2209
2294,2210
2295,2211
2296,2212
2297,2213
2298,2214
2299,2215
2300,2216
2301,2217
2302,2218
2303,2219
2304,2220
2305,2221
2306,2222
2307,2223
2308,2224
2309,2225
2310,2226
2311,2227
2312,2228
2313,2229
2314,2230
2315,2231
2316,2232
2317,2233
2318,2234
2319,2235
2320,2236
2321,2237
2322,2238
2323,2239
2324,2240
2325,2241
2326,2242
2327,2243
2328,2244
2330,2245
2331,2246
2332,2247
2333,2248
2334,2249
2335,2250
2336,2251
2337,2252
2338,2253
2339,2254
2340,2255
2341,2256
2342,2257
2343,2258
2344,2259
2345,2260
2346,2261
2347,2262
2348,2263
2349,2264
2350,2265
2351,2266
2352,2267
2353,2268
2354,2269
2355,2270
2356,2271
2357,2272
2358,2273
2359,2274
2360,2275
2361,2276
2362,2277
2363,2278
2364,2279
2365,2280
2366,2281
2367,2282
2368,2283
2369,2284
2370,2285
2371,2286
2372,2287
2373,2288
2374,2289
2375,2290
2376,2291
2377,2292
2378,2293
2379,2294
2380,2295
2381,2296
2382,2297
2383,2298
2384,2299
2385,2300
2386,2301
2387,2302
2389,2303
2390,2304
2391,2305
2392,2306
2393,2307
2394,2308
2395,2309
2396,2310
2397,2311
2398,2312
2399,2313
2400,2314
2401,2315
2402,2316
2403,2317
2404,2318
2405,2319
2406,2320
2407,2321
2408,2322
2409,2323
2410,2324
2412,2325
2413,2326
2414,2327
2415,2328
2416,2329
2417,2330
2418,2331
2419,2332
2420,2333
2421,2334
2422,2335
2423,2336
2424,2337
2425,2338
2426,2339
2427,2340
2428,2341
2429,2342
2430,2343
2431,2344
2432,2345
2433,2346
2434,2347
2435,2348
2436,2349
2438,2350
2439,2351
2441,2352
2442,2353
2443,2354
2444,2355
2445,2356
2446,2357
2447,2358
2448,2359
2449,2360
2450,2361
2451,2362
2452,2363
2453,2364
2454,2365
2455,2366
2456,2367
2457,2368
2459,2369
2460,2370
2461,2371
2462,2372
2465,2373
2466,2374
2467,2375
2468,2376
2469,2377
2470,2378
2471,2379
2472,2380
2473,2381
2474,2382
2475,2383
2476,2384
2477,2385
2478,2386
2479,2387
2480,2388
2481,2389
2482,2390
2483,2391
2484,2392
2485,2393
2486,2394
2487,2395
2488,2396
2489,2397
2490,2398
2491,2399
2492,2400
2493,2401
2494,2402
2495,2403
2496,2404
2497,2405
2498,2406
2499,2407
2500,2408
2501,2409
2502,2410
2503,2411
2504,2412
2505,2413
2506,2414
2507,2415
2508,2416
2509,2417
2510,2418
2511,2419
2512,2420
2513,2421
2514,2422
2515,2423
2516,2424
2517,2425
2518,2426
2519,2427
2520,2428
2521,2429
2522,2430
2523,2431
2524,2432
2525,2433
2526,2434
2527,2435
2528,2436
2529,2437
2530,2438
2531,2439
2532,2440
2533,2441
2534,2442
2535,2443
2536,2444
2537,2445
2538,2446
2539,2447
2540,2448
2541,2449
2542,2450
2543,2451
2544,2452
2545,2453
2546,2454
2547,2455
2548,2456
2549,2457
2550,2458
2551,2459
2552,2460
2553,2461
2554,2462
2555,2463
2556,2464
2557,2465
2558,2466
2559,2467
2560,2468
2561,2469
2562,2470
2563,2471
2564,2472
2565,2473
2566,2474
2567,2475
2568,2476
2569,2477
2570,2478
2571,2479
2572,2480
2573,2481
2574,2482
2575,2483
2576,2484
2577,2485
2578,2486
2579,2487
2580,2488
2581,2489
2582,2490
2583,2491
2584,2492
2585,2493
2586,2494
2587,2495
2588,2496
2589,2497
2590,2498
2591,2499
2592,2500
2593,2501
2595,2502
2596,2503
2597,2504
2598,2505
2599,2506
2600,2507
2601,2508
2602,2509
2603,2510
2604,2511
2605,2512
2606,2513
2607,2514
2608,2515
2609,2516
2610,2517
2611,2518
2612,2519
2613,2520
2614,2521
2615,2522
2616,2523
2617,2524
2618,2525
2619,2526
2620,2527
2621,2528
2622,2529
2623,2530
2624,2531
2625,2532
2626,2533
2627,2534
2628,2535
2629,2536
2630,2537
2631,2538
2632,2539
2633,2540
2634,2541
2635,2542
2636,2543
2637,2544
2638,2545
2639,2546
2640,2547
2641,2548
2642,2549
2643,2550
2644,2551
2645,2552
2646,2553
2647,2554
2648,2555
2649,2556
2650,2557
2651,2558
2652,2559
2653,2560
2654,2561
2655,2562
2656,2563
2657,2564
2658,2565
2659,2566
2660,2567
2661,2568
2662,2569
2663,2570
2664,2571
2665,2572
2666,2573
2667,2574
2668,2575
2669,2576
2670,2577
2671,2578
2672,2579
2673,2580
2674,2581
2675,2582
2676,2583
2677,2584
2678,2585
2679,2586
2680,2587
2681,2588
2682,2589
2683,2590
2684,2591
2685,2592
2686,2593
2687,2594
2688,2595
2689,2596
2690,2597
2691,2598
2692,2599
2693,2600
2694,2601
2695,2602
2696,2603
2697,2604
2698,2605
2699,2606
2700,2607
2701,2608
2702,2609
2703,2610
2704,2611
2705,2612
2706,2613
2707,2614
2708,2615
2709,2616
2710,2617
2711,2618
2712,2619
2713,2620
2714,2621
2715,2622
2716,2623
2718,2624
2719,2625
2720,2626
2721,2627
2722,2628
2723,2629
2724,2630
2725,2631
2726,2632
2727,2633
2728,2634
2729,2635
2730,2636
2731,2637
2732,2638
2733,2639
2734,2640
2735,2641
2736,2642
2737,2643
2738,2644
2739,2645
2740,2646
2741,2647
2742,2648
2743,2649
2744,2650
2745,2651
2746,2652
2747,2653
2748,2654
2749,2655
2750,2656
2751,2657
2752,2658
2753,2659
2754,2660
2755,2661
2756,2662
2757,2663
2758,2664
2759,2665
2760,2666
2761,2667
2762,2668
2763,2669
2764,2670
2765,2671
2766,2672
2767,2673
2768,2674
2769,2675
2770,2676
2771,2677
2772,2678
2773,2679
2774,2680
2775,2681
2776,2682
2777,2683
2778,2684
2779,2685
2780,2686
2781,2687
2782,2688
2783,2689
2784,2690
2785,2691
2786,2692
2787,2693
2788,2694
2789,2695
2790,2696
2791,2697
2792,2698
2794,2699
2795,2700
2797,2701
2798,2702
2799,2703
2800,2704
2801,2705
2802,2706
2803,2707
2804,2708
2805,2709
2806,2710
2807,2711
2808,2712
2809,2713
2810,2714
2811,2715
2812,2716
2813,2717
2814,2718
